[{"name":"Aūa","country":"AS","lat":-14.27032,"lon":-170.66528},{"name":"Fagatogo","country":"AS","lat":-14.2825,"lon":-170.69},{"name":"Faleāsao","country":"AS","lat":-14.2222,"lon":-169.51278},{"name":"Faleniu","country":"AS","lat":-14.3325,"lon":-170.74444},{"name":"Ili‘ili","country":"AS","lat":-14.35167,"lon":-170.74694},{"name":"Leone","country":"AS","lat":-14.34389,"lon":-170.785},{"name":"Malaeimi","country":"AS","lat":-14.32278,"lon":-170.73389},{"name":"Mapusagafou","country":"AS","lat":-14.323,"lon":-170.754},{"name":"Ofu","country":"AS","lat":-14.17117,"lon":-169.67851},{"name":"Pago Pago","country":"AS","lat":-14.27806,"lon":-170.7025},{"name":"Ta`ū","country":"AS","lat":-14.23361,"lon":-169.51444},{"name":"Tāfuna","country":"AS","lat":-14.33583,"lon":-170.72},{"name":"Taulaga","country":"AS","lat":-11.05528,"lon":-171.08833},{"name":"Vailoatai","country":"AS","lat":-14.3534,"lon":-170.7808},{"name":"Vaitogi","country":"AS","lat":-14.35259,"lon":-170.73796}]