[{"name":"100 Mile House","country":"CA","lat":51.64982,"lon":-121.28594},{"name":"Abbeydale","country":"CA","lat":51.0593,"lon":-113.92857},{"name":"Abbotsford","country":"CA","lat":49.05798,"lon":-122.25257},{"name":"Acadia","country":"CA","lat":50.97172,"lon":-114.05688},{"name":"Acton Vale","country":"CA","lat":45.65007,"lon":-72.56582},{"name":"Adstock","country":"CA","lat":46.05007,"lon":-71.08235},{"name":"Agassiz","country":"CA","lat":49.23298,"lon":-121.76926},{"name":"Agincourt North","country":"CA","lat":43.80418,"lon":-79.27528},{"name":"Agincourt South-Malvern West","country":"CA","lat":43.78866,"lon":-79.26561},{"name":"Ahuntsic-Cartierville","country":"CA","lat":45.56667,"lon":-73.66667},{"name":"Airdrie","country":"CA","lat":51.30011,"lon":-114.03528},{"name":"Ajax","country":"CA","lat":43.85012,"lon":-79.03288},{"name":"Albanel","country":"CA","lat":48.88324,"lon":-72.44867},{"name":"Albert Park/Radisson Heights","country":"CA","lat":51.04294,"lon":-113.99584},{"name":"Alberton","country":"CA","lat":46.81685,"lon":-64.06542},{"name":"Aldergrove","country":"CA","lat":49.05801,"lon":-122.47087},{"name":"Aldergrove East","country":"CA","lat":49.05614,"lon":-122.45457},{"name":"Alderwood","country":"CA","lat":43.60348,"lon":-79.54604},{"name":"Alliston","country":"CA","lat":44.15011,"lon":-79.86635},{"name":"Alma","country":"CA","lat":48.55009,"lon":-71.6491},{"name":"Almonte","country":"CA","lat":45.22993,"lon":-76.19585},{"name":"Altadore","country":"CA","lat":51.01651,"lon":-114.10323},{"name":"Altona","country":"CA","lat":49.10469,"lon":-97.55961},{"name":"Amherst","country":"CA","lat":45.83345,"lon":-64.19874},{"name":"Amherstburg","country":"CA","lat":42.10009,"lon":-83.09985},{"name":"Amigo Beach","country":"CA","lat":44.6919,"lon":-79.39317},{"name":"Amos","country":"CA","lat":48.56688,"lon":-78.11624},{"name":"Amqui","country":"CA","lat":48.46382,"lon":-67.43134},{"name":"Ancaster","country":"CA","lat":43.21806,"lon":-79.98716},{"name":"Ange-Gardien","country":"CA","lat":45.35008,"lon":-72.93244},{"name":"Angus","country":"CA","lat":44.31681,"lon":-79.88295},{"name":"Anmore","country":"CA","lat":49.31637,"lon":-122.85263},{"name":"Annex","country":"CA","lat":43.67159,"lon":-79.404},{"name":"Antigonish","country":"CA","lat":45.61685,"lon":-61.99858},{"name":"Applewood Park","country":"CA","lat":51.04306,"lon":-113.925},{"name":"Arbour Lake","country":"CA","lat":51.13472,"lon":-114.20278},{"name":"Arbutus Ridge","country":"CA","lat":49.24966,"lon":-123.16934},{"name":"Armstrong","country":"CA","lat":50.44979,"lon":-119.20235},{"name":"Arnprior","country":"CA","lat":45.43341,"lon":-76.34939},{"name":"Arviat","country":"CA","lat":61.10883,"lon":-94.05848},{"name":"Ashcroft","country":"CA","lat":50.72372,"lon":-121.28207},{"name":"Aspen Woods","country":"CA","lat":51.0428,"lon":-114.19275},{"name":"Assiniboia","country":"CA","lat":49.63336,"lon":-105.98446},{"name":"Athabasca","country":"CA","lat":54.71687,"lon":-113.28537},{"name":"Atikokan","country":"CA","lat":48.75667,"lon":-91.62409},{"name":"Attawapiskat","country":"CA","lat":52.92774,"lon":-82.41669},{"name":"Auburn Bay","country":"CA","lat":50.88787,"lon":-113.95929},{"name":"Aurora","country":"CA","lat":44.00011,"lon":-79.46632},{"name":"Aylmer","country":"CA","lat":42.76679,"lon":-80.98302},{"name":"Aylmer","country":"CA","lat":45.4002,"lon":-75.80644},{"name":"Ayr","country":"CA","lat":43.2834,"lon":-80.44968},{"name":"Azilda","country":"CA","lat":46.55008,"lon":-81.09975},{"name":"Baie Ste. Anne","country":"CA","lat":47.05231,"lon":-64.95355},{"name":"Baie-Comeau","country":"CA","lat":49.21679,"lon":-68.14894},{"name":"Baie-D'Urfé","country":"CA","lat":45.41397,"lon":-73.91586},{"name":"Baie-Saint-Paul","country":"CA","lat":47.44109,"lon":-70.49858},{"name":"Ballantrae","country":"CA","lat":44.03342,"lon":-79.2996},{"name":"Balls Creek","country":"CA","lat":46.15,"lon":-60.31118},{"name":"Banbury-Don Mills","country":"CA","lat":43.73766,"lon":-79.34972},{"name":"Bancroft","country":"CA","lat":45.05752,"lon":-77.85702},{"name":"Banff","country":"CA","lat":51.17622,"lon":-115.56982},{"name":"Banff Trail","country":"CA","lat":51.0743,"lon":-114.11242},{"name":"Bankview","country":"CA","lat":51.03333,"lon":-114.1},{"name":"Barraute","country":"CA","lat":48.43349,"lon":-77.63279},{"name":"Barrhead","country":"CA","lat":54.13345,"lon":-114.40211},{"name":"Barrie","country":"CA","lat":44.40011,"lon":-79.66634},{"name":"Barrière","country":"CA","lat":51.18308,"lon":-120.1192},{"name":"Bassano","country":"CA","lat":50.78998,"lon":-112.46805},{"name":"Bath","country":"CA","lat":44.18342,"lon":-76.78273},{"name":"Bathurst","country":"CA","lat":47.61814,"lon":-65.65112},{"name":"Bathurst Manor","country":"CA","lat":43.76481,"lon":-79.45606},{"name":"Bay Roberts","country":"CA","lat":47.59989,"lon":-53.26478},{"name":"Bay St. George South","country":"CA","lat":48.22781,"lon":-58.84162},{"name":"Bay Street Corridor","country":"CA","lat":43.65751,"lon":-79.38572},{"name":"Bayview Village","country":"CA","lat":43.77639,"lon":-79.38028},{"name":"Bayview Woods-Steeles","country":"CA","lat":43.7968,"lon":-79.38212},{"name":"Beaconsfield","country":"CA","lat":45.43341,"lon":-73.86586},{"name":"Beauceville","country":"CA","lat":46.21785,"lon":-70.77873},{"name":"Beauharnois","country":"CA","lat":45.31341,"lon":-73.8725},{"name":"Beaumont","country":"CA","lat":53.35013,"lon":-113.41871},{"name":"Beaupré","country":"CA","lat":47.04428,"lon":-70.89529},{"name":"Beausejour","country":"CA","lat":50.0622,"lon":-96.51669},{"name":"Beaverlodge","country":"CA","lat":55.21664,"lon":-119.43605},{"name":"Bécancour","country":"CA","lat":46.34106,"lon":-72.43224},{"name":"Beddington Heights","country":"CA","lat":51.12917,"lon":-114.07917},{"name":"Bedford","country":"CA","lat":45.11678,"lon":-72.98244},{"name":"Bedford Park-Nortown","country":"CA","lat":43.73149,"lon":-79.42023},{"name":"Beechborough-Greenbrook","country":"CA","lat":43.69322,"lon":-79.47947},{"name":"Behchokǫ̀","country":"CA","lat":62.8025,"lon":-116.04639},{"name":"Belfast","country":"CA","lat":46.08341,"lon":-62.88197},{"name":"Belleville","country":"CA","lat":44.16682,"lon":-77.38277},{"name":"Bells Corners","country":"CA","lat":45.31588,"lon":-75.83012},{"name":"Belmont","country":"CA","lat":42.88339,"lon":-81.08303},{"name":"Beloeil","country":"CA","lat":45.56839,"lon":-73.20568},{"name":"Beltline","country":"CA","lat":51.03951,"lon":-114.07087},{"name":"Bendale","country":"CA","lat":43.76681,"lon":-79.25326},{"name":"Berthierville","country":"CA","lat":46.08336,"lon":-73.18245},{"name":"Berwick","country":"CA","lat":45.05015,"lon":-64.73208},{"name":"Biggar","country":"CA","lat":52.05978,"lon":-107.98844},{"name":"Binbrook","country":"CA","lat":43.12135,"lon":-79.81104},{"name":"Birchcliffe-Cliffside","country":"CA","lat":43.69468,"lon":-79.26509},{"name":"Black Creek","country":"CA","lat":43.76489,"lon":-79.52198},{"name":"Black Diamond","country":"CA","lat":50.68771,"lon":-114.23241},{"name":"Blackfalds","country":"CA","lat":52.38342,"lon":-113.7853},{"name":"Blainville","country":"CA","lat":45.66678,"lon":-73.88249},{"name":"Blake-Jones","country":"CA","lat":43.67617,"lon":-79.33739},{"name":"Bluewater","country":"CA","lat":43.46679,"lon":-81.59977},{"name":"Bois-des-Filion","country":"CA","lat":45.66678,"lon":-73.74918},{"name":"Boisbriand","country":"CA","lat":45.61678,"lon":-73.83249},{"name":"Boissevain","country":"CA","lat":49.23062,"lon":-100.05586},{"name":"Bon Accord","country":"CA","lat":53.83345,"lon":-113.41872},{"name":"Bonaventure","country":"CA","lat":48.04573,"lon":-65.49259},{"name":"Bonavista","country":"CA","lat":48.64989,"lon":-53.11474},{"name":"Bonnyville","country":"CA","lat":54.26684,"lon":-110.73505},{"name":"Botwood","country":"CA","lat":49.14994,"lon":-55.34819},{"name":"Boucherville","country":"CA","lat":45.59104,"lon":-73.43605},{"name":"Bouctouche","country":"CA","lat":46.46844,"lon":-64.73905},{"name":"Bourget","country":"CA","lat":45.43475,"lon":-75.16028},{"name":"Bow Island","country":"CA","lat":49.86676,"lon":-111.36843},{"name":"Bowen Island","country":"CA","lat":49.3847,"lon":-123.33622},{"name":"Bowness","country":"CA","lat":51.08344,"lon":-114.16866},{"name":"Bracebridge","country":"CA","lat":45.03341,"lon":-79.31633},{"name":"Braeside","country":"CA","lat":50.95421,"lon":-114.10538},{"name":"Brampton","country":"CA","lat":43.68341,"lon":-79.76633},{"name":"Brandon","country":"CA","lat":49.84692,"lon":-99.95306},{"name":"Brant","country":"CA","lat":43.1334,"lon":-80.34967},{"name":"Brantford","country":"CA","lat":43.1334,"lon":-80.26636},{"name":"Breakeyville","country":"CA","lat":46.68037,"lon":-71.22327},{"name":"Brentwood","country":"CA","lat":51.09813,"lon":-114.13319},{"name":"Briar Hill-Belgravia","country":"CA","lat":43.69902,"lon":-79.45285},{"name":"Bridgewater","country":"CA","lat":44.37856,"lon":-64.51882},{"name":"Bridle Path-Sunnybrook-York Mills","country":"CA","lat":43.73101,"lon":-79.37891},{"name":"Bridlewood","country":"CA","lat":50.89979,"lon":-114.10812},{"name":"Broadview North","country":"CA","lat":43.68883,"lon":-79.35563},{"name":"Brockville","country":"CA","lat":44.59132,"lon":-75.68705},{"name":"Bromont","country":"CA","lat":45.31678,"lon":-72.64912},{"name":"Brookhaven-Amesbury","country":"CA","lat":43.70133,"lon":-79.48559},{"name":"Brooks","country":"CA","lat":50.58341,"lon":-111.88509},{"name":"Brossard","country":"CA","lat":45.45008,"lon":-73.46583},{"name":"Brownsburg-Chatham","country":"CA","lat":45.68342,"lon":-74.4159},{"name":"Brussels","country":"CA","lat":43.74316,"lon":-81.24998},{"name":"Buckingham","country":"CA","lat":45.58563,"lon":-75.4208},{"name":"Burford","country":"CA","lat":43.10292,"lon":-80.42869},{"name":"Burgeo","country":"CA","lat":47.61668,"lon":-57.61516},{"name":"Burlington","country":"CA","lat":43.38621,"lon":-79.83713},{"name":"Burnaby","country":"CA","lat":49.26636,"lon":-122.95263},{"name":"Burns Lake","country":"CA","lat":54.22972,"lon":-125.76084},{"name":"Cabano","country":"CA","lat":47.68065,"lon":-68.8781},{"name":"Cabbagetown-South St.James Town","country":"CA","lat":43.66765,"lon":-79.36611},{"name":"Cache Creek","country":"CA","lat":50.81011,"lon":-121.3246},{"name":"Cacouna","country":"CA","lat":47.91657,"lon":-69.50054},{"name":"Caledon","country":"CA","lat":43.86544,"lon":-79.99322},{"name":"Caledonia-Fairbank","country":"CA","lat":43.68857,"lon":-79.45521},{"name":"Calgary","country":"CA","lat":51.05011,"lon":-114.08529},{"name":"Calmar","country":"CA","lat":53.26683,"lon":-113.81874},{"name":"Cambrian Heights","country":"CA","lat":51.08638,"lon":-114.09027},{"name":"Cambridge","country":"CA","lat":43.3601,"lon":-80.31269},{"name":"Cambridge Bay","country":"CA","lat":69.11489,"lon":-105.05484},{"name":"Camlachie","country":"CA","lat":43.03596,"lon":-82.1616},{"name":"Campbell River","country":"CA","lat":50.01634,"lon":-125.24459},{"name":"Campbellton","country":"CA","lat":48.00751,"lon":-66.67272},{"name":"Camrose","country":"CA","lat":53.01684,"lon":-112.83525},{"name":"Candiac","country":"CA","lat":45.38338,"lon":-73.51587},{"name":"Canmore","country":"CA","lat":51.08335,"lon":-115.35206},{"name":"Canora","country":"CA","lat":51.63328,"lon":-102.43425},{"name":"Cantley","country":"CA","lat":45.5668,"lon":-75.78265},{"name":"Canyon Meadows","country":"CA","lat":50.94285,"lon":-114.08092},{"name":"Cap-Chat","country":"CA","lat":49.09736,"lon":-66.68514},{"name":"Cap-Santé","country":"CA","lat":46.67159,"lon":-71.78812},{"name":"Cape Dorset","country":"CA","lat":64.23378,"lon":-76.54372},{"name":"Capitol Hill","country":"CA","lat":51.07031,"lon":-114.09559},{"name":"Capreol","country":"CA","lat":46.70626,"lon":-80.92109},{"name":"Carberry","country":"CA","lat":49.86893,"lon":-99.36021},{"name":"Carbonear","country":"CA","lat":47.73919,"lon":-53.2272},{"name":"Cardston","country":"CA","lat":49.19998,"lon":-113.3019},{"name":"Carignan","country":"CA","lat":45.45008,"lon":-73.29916},{"name":"Carleton","country":"CA","lat":48.10252,"lon":-66.11962},{"name":"Carleton Place","country":"CA","lat":45.13341,"lon":-76.14938},{"name":"Carleton-sur-Mer","country":"CA","lat":48.10749,"lon":-66.128},{"name":"Carlyle","country":"CA","lat":49.63334,"lon":-102.26765},{"name":"Carman","country":"CA","lat":49.4992,"lon":-98.00156},{"name":"Carrington","country":"CA","lat":51.184,"lon":-114.08501},{"name":"Carstairs","country":"CA","lat":51.56681,"lon":-114.102},{"name":"Casa Loma","country":"CA","lat":43.68345,"lon":-79.41248},{"name":"Casselman","country":"CA","lat":45.3168,"lon":-75.0826},{"name":"Castlegar","country":"CA","lat":49.32317,"lon":-117.65831},{"name":"Castleridge","country":"CA","lat":51.10556,"lon":-113.95556},{"name":"Cedar","country":"CA","lat":49.11633,"lon":-123.8527},{"name":"Cedarbrae","country":"CA","lat":50.95648,"lon":-114.12975},{"name":"Centennial Scarborough","country":"CA","lat":43.78238,"lon":-79.15084},{"name":"Central Business District","country":"CA","lat":52.13032,"lon":-106.66228},{"name":"Chambly","country":"CA","lat":45.45008,"lon":-73.28246},{"name":"Chambord","country":"CA","lat":48.43339,"lon":-72.06583},{"name":"Chandler","country":"CA","lat":48.34935,"lon":-64.67926},{"name":"Channel-Port aux Basques","country":"CA","lat":47.57286,"lon":-59.13808},{"name":"Chapais","country":"CA","lat":49.78344,"lon":-74.84919},{"name":"Chaparral","country":"CA","lat":50.88611,"lon":-114.03333},{"name":"Charlemagne","country":"CA","lat":45.71678,"lon":-73.48247},{"name":"Charleswood","country":"CA","lat":51.08991,"lon":-114.11666},{"name":"Charlottetown","country":"CA","lat":46.23459,"lon":-63.1256},{"name":"Chase","country":"CA","lat":50.8165,"lon":-119.68571},{"name":"Château-Richer","country":"CA","lat":46.96031,"lon":-71.03219},{"name":"Châteauguay","country":"CA","lat":45.38338,"lon":-73.74919},{"name":"Chatham","country":"CA","lat":42.41224,"lon":-82.18494},{"name":"Chemainus","country":"CA","lat":48.91633,"lon":-123.71937},{"name":"Chertsey","country":"CA","lat":46.07109,"lon":-73.89095},{"name":"Chester","country":"CA","lat":44.54225,"lon":-64.23891},{"name":"Chestermere","country":"CA","lat":51.03341,"lon":-113.81867},{"name":"Chetwynd","country":"CA","lat":55.69988,"lon":-121.63627},{"name":"Chibougamau","country":"CA","lat":49.91684,"lon":-74.36586},{"name":"Chilliwack","country":"CA","lat":49.16638,"lon":-121.95257},{"name":"Chinatown","country":"CA","lat":51.05183,"lon":-114.06363},{"name":"Chinook Park","country":"CA","lat":50.98286,"lon":-114.08838},{"name":"Church-Yonge Corridor","country":"CA","lat":43.65965,"lon":-79.37902},{"name":"Chute-aux-Outardes","country":"CA","lat":49.11679,"lon":-68.39896},{"name":"Clairlea-Birchmount","country":"CA","lat":43.71359,"lon":-79.28138},{"name":"Clanton Park","country":"CA","lat":43.74198,"lon":-79.4463},{"name":"Clarence-Rockland","country":"CA","lat":45.5501,"lon":-75.29101},{"name":"Clarenville-Shoal Harbour","country":"CA","lat":48.1805,"lon":-53.96982},{"name":"Claresholm","country":"CA","lat":50.03332,"lon":-113.58524},{"name":"Cliffcrest","country":"CA","lat":43.72192,"lon":-79.23091},{"name":"Clinton","country":"CA","lat":51.08309,"lon":-121.58597},{"name":"Clyde River","country":"CA","lat":70.47233,"lon":-68.58987},{"name":"Coaldale","country":"CA","lat":49.7167,"lon":-112.61854},{"name":"Coalhurst","country":"CA","lat":49.7464,"lon":-112.93246},{"name":"Coaticook","country":"CA","lat":45.13339,"lon":-71.79907},{"name":"Cobourg","country":"CA","lat":43.95977,"lon":-78.16515},{"name":"Cochrane","country":"CA","lat":51.18341,"lon":-114.46871},{"name":"Cold Lake","country":"CA","lat":54.46525,"lon":-110.18154},{"name":"Cole Harbour","country":"CA","lat":44.67244,"lon":-63.47506},{"name":"Collingwood","country":"CA","lat":44.4834,"lon":-80.21638},{"name":"Colwood","country":"CA","lat":48.43293,"lon":-123.48591},{"name":"Comox","country":"CA","lat":49.68294,"lon":-124.93613},{"name":"Conception Bay South","country":"CA","lat":47.49989,"lon":-52.99806},{"name":"Concord","country":"CA","lat":43.80011,"lon":-79.48291},{"name":"Constance Bay","country":"CA","lat":45.50011,"lon":-76.08267},{"name":"Contrecoeur","country":"CA","lat":45.85008,"lon":-73.23245},{"name":"Cookshire","country":"CA","lat":45.41536,"lon":-71.62962},{"name":"Cookshire-Eaton","country":"CA","lat":45.41675,"lon":-71.6324},{"name":"Cookstown","country":"CA","lat":44.18341,"lon":-79.69964},{"name":"Coombs","country":"CA","lat":49.29963,"lon":-124.41946},{"name":"Coquitlam","country":"CA","lat":49.2846,"lon":-122.78217},{"name":"Corner Brook","country":"CA","lat":48.95001,"lon":-57.95202},{"name":"Cornwall","country":"CA","lat":46.22652,"lon":-63.21809},{"name":"Cornwall","country":"CA","lat":45.01809,"lon":-74.72815},{"name":"Corso Italia-Davenport","country":"CA","lat":43.67766,"lon":-79.44747},{"name":"Corunna","country":"CA","lat":42.88338,"lon":-82.43313},{"name":"Côte-Saint-Luc","country":"CA","lat":45.46536,"lon":-73.66585},{"name":"Coteau-du-Lac","country":"CA","lat":45.30008,"lon":-74.18253},{"name":"Courtenay","country":"CA","lat":49.68657,"lon":-124.9936},{"name":"Cow Bay","country":"CA","lat":44.63141,"lon":-63.43218},{"name":"Cowansville","country":"CA","lat":45.20008,"lon":-72.74913},{"name":"Cowichan Bay","country":"CA","lat":48.73366,"lon":-123.61739},{"name":"Crabtree","country":"CA","lat":45.96677,"lon":-73.46586},{"name":"Cranbrook","country":"CA","lat":49.49991,"lon":-115.76879},{"name":"Creston","country":"CA","lat":49.09987,"lon":-116.50211},{"name":"Cross Lake 19A","country":"CA","lat":54.65135,"lon":-97.76848},{"name":"Crossfield","country":"CA","lat":51.43341,"lon":-114.03528},{"name":"Ct 0001","country":"CA","lat":45.59833,"lon":-73.51006},{"name":"Ct 0002","country":"CA","lat":45.60412,"lon":-73.51716},{"name":"Ct 0003","country":"CA","lat":45.60562,"lon":-73.52713},{"name":"Ct 0004","country":"CA","lat":45.60854,"lon":-73.51919},{"name":"Ct 0005","country":"CA","lat":45.60626,"lon":-73.51106},{"name":"Ct 0006","country":"CA","lat":45.60083,"lon":-73.51189},{"name":"Ct 0007","country":"CA","lat":45.59465,"lon":-73.52896},{"name":"Ct 0008","country":"CA","lat":45.58698,"lon":-73.51049},{"name":"Ct 0009","country":"CA","lat":45.58018,"lon":-73.51637},{"name":"Ct 0010","country":"CA","lat":45.58185,"lon":-73.52858},{"name":"Ct 0011","country":"CA","lat":45.58357,"lon":-73.53525},{"name":"Ct 0012","country":"CA","lat":45.57861,"lon":-73.53771},{"name":"Ct 0013","country":"CA","lat":45.56922,"lon":-73.54416},{"name":"Ct 0014","country":"CA","lat":45.55754,"lon":-73.54319},{"name":"Ct 0015","country":"CA","lat":45.55381,"lon":-73.53732},{"name":"Ct 0016","country":"CA","lat":45.55205,"lon":-73.53082},{"name":"Ct 0017","country":"CA","lat":45.55338,"lon":-73.534},{"name":"Ct 0018","country":"CA","lat":45.5518,"lon":-73.53568},{"name":"Ct 0019","country":"CA","lat":45.54932,"lon":-73.53772},{"name":"Ct 0021","country":"CA","lat":45.54565,"lon":-73.53883},{"name":"Ct 0022","country":"CA","lat":45.54234,"lon":-73.54246},{"name":"Ct 0023","country":"CA","lat":45.53961,"lon":-73.54532},{"name":"Ct 0024","country":"CA","lat":45.54023,"lon":-73.54802},{"name":"Ct 0025","country":"CA","lat":45.54274,"lon":-73.5465},{"name":"Ct 0026","country":"CA","lat":45.54791,"lon":-73.54621},{"name":"Ct 0027","country":"CA","lat":45.54608,"lon":-73.54731},{"name":"Ct 0028","country":"CA","lat":45.54469,"lon":-73.54788},{"name":"Ct 0029","country":"CA","lat":45.54719,"lon":-73.55127},{"name":"Ct 0030","country":"CA","lat":45.54852,"lon":-73.55302},{"name":"Cumberland","country":"CA","lat":49.61634,"lon":-125.03613},{"name":"Dalmeny","country":"CA","lat":52.34077,"lon":-106.7712},{"name":"Danforth","country":"CA","lat":43.68403,"lon":-79.32982},{"name":"Danforth East York","country":"CA","lat":43.68947,"lon":-79.3314},{"name":"Danville","country":"CA","lat":45.78337,"lon":-72.0158},{"name":"Dartmouth","country":"CA","lat":44.67134,"lon":-63.57719},{"name":"Dauphin","country":"CA","lat":51.14941,"lon":-100.05023},{"name":"Daveluyville","country":"CA","lat":46.20006,"lon":-72.13239},{"name":"Dawson City","country":"CA","lat":64.06013,"lon":-139.43328},{"name":"Dawson Creek","country":"CA","lat":55.75984,"lon":-120.2403},{"name":"Deep River","country":"CA","lat":46.10012,"lon":-77.49949},{"name":"Deer Lake","country":"CA","lat":49.16671,"lon":-57.43163},{"name":"Delaware","country":"CA","lat":42.91679,"lon":-81.41646},{"name":"Deloraine","country":"CA","lat":49.19082,"lon":-100.49477},{"name":"Delson","country":"CA","lat":45.36678,"lon":-73.54917},{"name":"Delta","country":"CA","lat":49.14399,"lon":-122.9068},{"name":"Denman Island","country":"CA","lat":49.53294,"lon":-124.8195},{"name":"Denman Island Trust Area","country":"CA","lat":49.55189,"lon":-124.79881},{"name":"Deseronto","country":"CA","lat":44.20012,"lon":-77.04944},{"name":"Deux-Montagnes","country":"CA","lat":45.53455,"lon":-73.90168},{"name":"Devon","country":"CA","lat":53.36683,"lon":-113.73533},{"name":"Didsbury","country":"CA","lat":51.66681,"lon":-114.13529},{"name":"Dieppe","country":"CA","lat":46.07844,"lon":-64.68735},{"name":"Digby","country":"CA","lat":44.62188,"lon":-65.7586},{"name":"Disraeli","country":"CA","lat":45.90007,"lon":-71.34907},{"name":"Dolbeau-Mistassini","country":"CA","lat":48.8786,"lon":-72.23142},{"name":"Dollard-Des Ormeaux","country":"CA","lat":45.49452,"lon":-73.82419},{"name":"Don Valley Village","country":"CA","lat":43.78329,"lon":-79.35364},{"name":"Donnacona","country":"CA","lat":46.68042,"lon":-71.7239},{"name":"Dorchester","country":"CA","lat":42.98339,"lon":-81.06643},{"name":"Dorset Park","country":"CA","lat":43.75386,"lon":-79.28215},{"name":"Dorval","country":"CA","lat":45.4473,"lon":-73.75335},{"name":"Dovercourt-Wallace Emerson-Junction","country":"CA","lat":43.66568,"lon":-79.43854},{"name":"Dowling","country":"CA","lat":46.59111,"lon":-81.33917},{"name":"Downsview-Roding-CFB","country":"CA","lat":43.73329,"lon":-79.49049},{"name":"Drayton Valley","country":"CA","lat":53.21682,"lon":-114.98544},{"name":"Drummondville","country":"CA","lat":45.88336,"lon":-72.48241},{"name":"Dryden","country":"CA","lat":49.78334,"lon":-92.75032},{"name":"Duck Lake","country":"CA","lat":50.0088,"lon":-119.39672},{"name":"Dufferin Grove","country":"CA","lat":43.65766,"lon":-79.42793},{"name":"Duncan","country":"CA","lat":48.78293,"lon":-123.70266},{"name":"Dunham","country":"CA","lat":45.13338,"lon":-72.79913},{"name":"Dunnville","country":"CA","lat":42.90011,"lon":-79.61631},{"name":"East Angus","country":"CA","lat":45.48338,"lon":-71.66577},{"name":"East Broughton","country":"CA","lat":46.21358,"lon":-71.07674},{"name":"East End-Danforth","country":"CA","lat":43.68417,"lon":-79.29936},{"name":"East Gwillimbury","country":"CA","lat":44.10087,"lon":-79.43785},{"name":"East Wellington","country":"CA","lat":49.17385,"lon":-124.01745},{"name":"Edenbridge-Humber Valley","country":"CA","lat":43.67089,"lon":-79.52246},{"name":"Edmonton","country":"CA","lat":53.55014,"lon":-113.46871},{"name":"Edmundston","country":"CA","lat":47.3737,"lon":-68.32512},{"name":"Edson","country":"CA","lat":53.58345,"lon":-116.43559},{"name":"Eglinton East","country":"CA","lat":43.73917,"lon":-79.24576},{"name":"Elk Point","country":"CA","lat":53.90017,"lon":-110.9017},{"name":"Elkford","country":"CA","lat":50.05007,"lon":-114.8854},{"name":"Elliot Lake","country":"CA","lat":46.38336,"lon":-82.63315},{"name":"Ellison","country":"CA","lat":49.93307,"lon":-119.36907},{"name":"Elms-Old Rexdale","country":"CA","lat":43.72152,"lon":-79.54898},{"name":"Elmvale","country":"CA","lat":44.5834,"lon":-79.86636},{"name":"Enderby","country":"CA","lat":50.5498,"lon":-119.15234},{"name":"Englehart","country":"CA","lat":47.82397,"lon":-79.87386},{"name":"Englemount-Lawrence","country":"CA","lat":43.72035,"lon":-79.43741},{"name":"English Corner","country":"CA","lat":44.73345,"lon":-63.78201},{"name":"Eringate-Centennial-West Deane","country":"CA","lat":43.65802,"lon":-79.58044},{"name":"Eskasoni 3","country":"CA","lat":45.94522,"lon":-60.61617},{"name":"Espanola","country":"CA","lat":46.25837,"lon":-81.76649},{"name":"Esquimalt","country":"CA","lat":48.43569,"lon":-123.41174},{"name":"Essex","country":"CA","lat":42.17509,"lon":-82.82483},{"name":"Esterhazy","country":"CA","lat":50.65001,"lon":-102.08426},{"name":"Estevan","country":"CA","lat":49.13337,"lon":-102.98422},{"name":"Etobicoke","country":"CA","lat":43.64415,"lon":-79.56985},{"name":"Etobicoke West Mall","country":"CA","lat":43.64639,"lon":-79.56985},{"name":"Fairview","country":"CA","lat":56.06675,"lon":-118.38606},{"name":"Fairwinds","country":"CA","lat":49.27588,"lon":-124.12782},{"name":"Falher","country":"CA","lat":55.73339,"lon":-117.20262},{"name":"Fall River","country":"CA","lat":44.81685,"lon":-63.6154},{"name":"Fallingbrook","country":"CA","lat":45.47558,"lon":-75.48401},{"name":"Farnham","country":"CA","lat":45.28338,"lon":-72.98244},{"name":"Fergus","country":"CA","lat":43.70604,"lon":-80.37761},{"name":"Ferme-Neuve","country":"CA","lat":46.70011,"lon":-75.44929},{"name":"Fermont","country":"CA","lat":52.79445,"lon":-67.08378},{"name":"Fernie","country":"CA","lat":49.49996,"lon":-115.06871},{"name":"Flemingdon Park","country":"CA","lat":43.71806,"lon":-79.33222},{"name":"Flin Flon","country":"CA","lat":54.76703,"lon":-101.87433},{"name":"Florenceville-Bristol","country":"CA","lat":46.44353,"lon":-67.61536},{"name":"Foam Lake","country":"CA","lat":51.65001,"lon":-103.53431},{"name":"Fogo Island","country":"CA","lat":49.71649,"lon":-54.16981},{"name":"Forest Hill North","country":"CA","lat":43.70422,"lon":-79.42814},{"name":"Forest Hill South","country":"CA","lat":43.69453,"lon":-79.41432},{"name":"Forestville","country":"CA","lat":48.73808,"lon":-69.08478},{"name":"Fort Erie","country":"CA","lat":42.90012,"lon":-78.93286},{"name":"Fort Frances","country":"CA","lat":48.61667,"lon":-93.4003},{"name":"Fort Macleod","country":"CA","lat":49.71671,"lon":-113.41857},{"name":"Fort McMurray","country":"CA","lat":56.72676,"lon":-111.38103},{"name":"Fort Nelson","country":"CA","lat":58.80533,"lon":-122.7002},{"name":"Fort Saskatchewan","country":"CA","lat":53.69814,"lon":-113.21382},{"name":"Fort Smith","country":"CA","lat":60.00439,"lon":-111.88871},{"name":"Fort St. John","country":"CA","lat":56.24988,"lon":-120.85292},{"name":"Fort-Coulonge","country":"CA","lat":45.85011,"lon":-76.73272},{"name":"Fossambault-sur-le-Lac","country":"CA","lat":46.87662,"lon":-71.61541},{"name":"Fox Creek","country":"CA","lat":54.40007,"lon":-116.80238},{"name":"Franklin","country":"CA","lat":45.03338,"lon":-73.91591},{"name":"Fredericton","country":"CA","lat":45.94541,"lon":-66.66558},{"name":"French Creek","country":"CA","lat":49.34123,"lon":-124.35541},{"name":"Fruitvale","country":"CA","lat":49.11654,"lon":-117.55222},{"name":"Fundy Bay","country":"CA","lat":44.741,"lon":-66.76041},{"name":"Gambo","country":"CA","lat":48.7832,"lon":-54.21482},{"name":"Gamèti","country":"CA","lat":64.11203,"lon":-117.35304},{"name":"Gananoque","country":"CA","lat":44.33342,"lon":-76.16607},{"name":"Gander","country":"CA","lat":48.95624,"lon":-54.61647},{"name":"Ganges","country":"CA","lat":48.85342,"lon":-123.50032},{"name":"Gaspé","country":"CA","lat":48.83341,"lon":-64.48194},{"name":"Gatineau","country":"CA","lat":45.47723,"lon":-75.70164},{"name":"Gibbons","country":"CA","lat":53.83345,"lon":-113.33531},{"name":"Gibsons","country":"CA","lat":49.39539,"lon":-123.50555},{"name":"Gimli","country":"CA","lat":50.63362,"lon":-96.99066},{"name":"Gjoa Haven","country":"CA","lat":68.62602,"lon":-95.87836},{"name":"Glace Bay","country":"CA","lat":46.19695,"lon":-59.95698},{"name":"Glencoe","country":"CA","lat":42.75009,"lon":-81.71648},{"name":"Glenfield-Jane Heights","country":"CA","lat":43.74564,"lon":-79.51347},{"name":"Godefroy","country":"CA","lat":51.75012,"lon":-68.08213},{"name":"Goderich","country":"CA","lat":43.74171,"lon":-81.71339},{"name":"Golden","country":"CA","lat":51.29995,"lon":-116.9689},{"name":"Golden","country":"CA","lat":51.05917,"lon":-93.73568},{"name":"Goulds","country":"CA","lat":47.45532,"lon":-52.77552},{"name":"Granby","country":"CA","lat":45.40008,"lon":-72.73243},{"name":"Grand Bank","country":"CA","lat":47.09995,"lon":-55.76504},{"name":"Grand Centre","country":"CA","lat":54.41628,"lon":-110.21304},{"name":"Grand Falls-Windsor","country":"CA","lat":48.93324,"lon":-55.66492},{"name":"Grand Forks","country":"CA","lat":49.03309,"lon":-118.4356},{"name":"Grande Cache","country":"CA","lat":53.88335,"lon":-119.13585},{"name":"Grande Prairie","country":"CA","lat":55.16667,"lon":-118.80271},{"name":"Grande-Digue","country":"CA","lat":46.30014,"lon":-64.56546},{"name":"Gravelbourg","country":"CA","lat":49.88336,"lon":-106.55122},{"name":"Gravenhurst","country":"CA","lat":44.91681,"lon":-79.36633},{"name":"Greater Lakeburn","country":"CA","lat":46.07651,"lon":-64.66818},{"name":"Greater Napanee","country":"CA","lat":44.25012,"lon":-76.94944},{"name":"Greater Sudbury","country":"CA","lat":46.49,"lon":-80.99001},{"name":"Greenstone","country":"CA","lat":49.73343,"lon":-87.16668},{"name":"Greenwood","country":"CA","lat":44.97413,"lon":-64.93169},{"name":"Greenwood-Coxwell","country":"CA","lat":43.68035,"lon":-79.32661},{"name":"Grimsby","country":"CA","lat":43.20011,"lon":-79.56631},{"name":"Grimshaw","country":"CA","lat":56.18339,"lon":-117.6027},{"name":"Grunthal","country":"CA","lat":49.40668,"lon":-96.85873},{"name":"Guelph","country":"CA","lat":43.54594,"lon":-80.25599},{"name":"Guildwood","country":"CA","lat":43.75262,"lon":-79.19486},{"name":"Haliburton Village","country":"CA","lat":45.04921,"lon":-78.50854},{"name":"Halifax","country":"CA","lat":44.64269,"lon":-63.57688},{"name":"Hamilton","country":"CA","lat":43.25011,"lon":-79.84963},{"name":"Hampstead","country":"CA","lat":45.48075,"lon":-73.6467},{"name":"Hampton","country":"CA","lat":45.52876,"lon":-65.85354},{"name":"Hanceville","country":"CA","lat":51.91922,"lon":-123.04458},{"name":"Hanna","country":"CA","lat":51.63343,"lon":-111.90181},{"name":"Hanover","country":"CA","lat":44.15009,"lon":-81.03303},{"name":"Hantsport","country":"CA","lat":45.06685,"lon":-64.16544},{"name":"Happy Valley-Goose Bay","country":"CA","lat":53.3038,"lon":-60.32576},{"name":"Harbour Breton","country":"CA","lat":47.48325,"lon":-55.79833},{"name":"Harbour Main-Chapel's Cove-Lakeview","country":"CA","lat":47.4117,"lon":-53.1744},{"name":"Harriston","country":"CA","lat":43.91199,"lon":-80.87199},{"name":"Hauterive","country":"CA","lat":49.19572,"lon":-68.25813},{"name":"Havre-Saint-Pierre","country":"CA","lat":50.24342,"lon":-63.60264},{"name":"Hawkesbury","country":"CA","lat":45.60009,"lon":-74.61595},{"name":"Hay River","country":"CA","lat":60.81555,"lon":-115.79993},{"name":"Hayes Subdivision","country":"CA","lat":45.05519,"lon":-64.58795},{"name":"Headingley","country":"CA","lat":49.8753,"lon":-97.40896},{"name":"Hearst","country":"CA","lat":49.68351,"lon":-83.66654},{"name":"Henry Farm","country":"CA","lat":43.76952,"lon":-79.3524},{"name":"Heritage Pointe","country":"CA","lat":50.84213,"lon":-114.00493},{"name":"Hérouxville","country":"CA","lat":46.66617,"lon":-72.62512},{"name":"High Level","country":"CA","lat":58.51688,"lon":-117.13605},{"name":"High Park North","country":"CA","lat":43.65626,"lon":-79.47454},{"name":"High Park-Swansea","country":"CA","lat":43.64506,"lon":-79.46787},{"name":"High Prairie","country":"CA","lat":55.4334,"lon":-116.4858},{"name":"High River","country":"CA","lat":50.58341,"lon":-113.86867},{"name":"Highland Creek","country":"CA","lat":43.79068,"lon":-79.17555},{"name":"Hillcrest Village","country":"CA","lat":43.80486,"lon":-79.35442},{"name":"Hinton","country":"CA","lat":53.40009,"lon":-117.58567},{"name":"Hope","country":"CA","lat":49.38299,"lon":-121.44144},{"name":"Hornby Island","country":"CA","lat":49.53448,"lon":-124.66923},{"name":"Hornepayne","country":"CA","lat":49.21451,"lon":-84.77617},{"name":"Houston","country":"CA","lat":54.39976,"lon":-126.67008},{"name":"Hudson","country":"CA","lat":45.45008,"lon":-74.14922},{"name":"Hudson Bay","country":"CA","lat":52.85003,"lon":-102.38425},{"name":"Humber Heights-Westmount","country":"CA","lat":43.69223,"lon":-79.52242},{"name":"Humber Summit","country":"CA","lat":43.7579,"lon":-79.57501},{"name":"Humbermede","country":"CA","lat":43.7525,"lon":-79.54417},{"name":"Humboldt","country":"CA","lat":52.20005,"lon":-105.1255},{"name":"Humewood-Cedarvale","country":"CA","lat":43.69137,"lon":-79.42768},{"name":"Huntingdon","country":"CA","lat":45.08339,"lon":-74.16593},{"name":"Huntsville","country":"CA","lat":45.33341,"lon":-79.21632},{"name":"Huron East","country":"CA","lat":43.61679,"lon":-81.29975},{"name":"Igloolik","country":"CA","lat":69.37771,"lon":-81.79991},{"name":"Ile des Chênes","country":"CA","lat":49.7106,"lon":-96.98893},{"name":"Indian Head","country":"CA","lat":50.53336,"lon":-103.66775},{"name":"Ingersoll","country":"CA","lat":43.03339,"lon":-80.88302},{"name":"Innisfil","country":"CA","lat":44.30011,"lon":-79.64964},{"name":"Inuvik","country":"CA","lat":68.36166,"lon":-133.72817},{"name":"Invermere","country":"CA","lat":50.51666,"lon":-116.03538},{"name":"Inverness","country":"CA","lat":46.23344,"lon":-61.29852},{"name":"Ionview","country":"CA","lat":43.73694,"lon":-79.27333},{"name":"Iqaluit","country":"CA","lat":63.74697,"lon":-68.51727},{"name":"Iroquois Falls","country":"CA","lat":48.76688,"lon":-80.68307},{"name":"Irricana","country":"CA","lat":51.32372,"lon":-113.60475},{"name":"Islington-City Centre West","country":"CA","lat":43.63347,"lon":-79.54332},{"name":"Jarvis","country":"CA","lat":42.88559,"lon":-80.1122},{"name":"Jasper","country":"CA","lat":52.87946,"lon":-118.08041},{"name":"Jasper Park Lodge","country":"CA","lat":52.88633,"lon":-118.05625},{"name":"Joliette","country":"CA","lat":46.0164,"lon":-73.4236},{"name":"Jonquière","country":"CA","lat":48.41648,"lon":-71.24884},{"name":"Junction Area","country":"CA","lat":43.66789,"lon":-79.47144},{"name":"Kamloops","country":"CA","lat":50.66648,"lon":-120.3192},{"name":"Kamsack","country":"CA","lat":51.56668,"lon":-101.90093},{"name":"Kanata","country":"CA","lat":45.3001,"lon":-75.91606},{"name":"Kapuskasing","country":"CA","lat":49.41694,"lon":-82.43308},{"name":"Keelesdale-Eglinton West","country":"CA","lat":43.68573,"lon":-79.47144},{"name":"Kelowna","country":"CA","lat":49.88307,"lon":-119.48568},{"name":"Kennedy Park","country":"CA","lat":43.72267,"lon":-79.26052},{"name":"Kenora","country":"CA","lat":49.76741,"lon":-94.48985},{"name":"Kensington","country":"CA","lat":46.43343,"lon":-63.64871},{"name":"Kensington-Chinatown","country":"CA","lat":43.65355,"lon":-79.39724},{"name":"Kentville","country":"CA","lat":45.0771,"lon":-64.49605},{"name":"Kerrobert","country":"CA","lat":51.91682,"lon":-109.13479},{"name":"Keswick","country":"CA","lat":44.25011,"lon":-79.46632},{"name":"Keswick Ridge","country":"CA","lat":46.00011,"lon":-66.88218},{"name":"Killam","country":"CA","lat":52.78344,"lon":-111.85175},{"name":"Killarney","country":"CA","lat":49.18332,"lon":-99.66364},{"name":"Kimberley","country":"CA","lat":49.67071,"lon":-115.9776},{"name":"Kincardine","country":"CA","lat":44.18339,"lon":-81.63307},{"name":"Kindersley","country":"CA","lat":51.46681,"lon":-109.16818},{"name":"King","country":"CA","lat":43.96514,"lon":-79.59011},{"name":"Kingsey Falls","country":"CA","lat":45.85007,"lon":-72.0658},{"name":"Kingston","country":"CA","lat":44.22976,"lon":-76.48098},{"name":"Kingsview Village-The Westway","country":"CA","lat":43.69899,"lon":-79.54786},{"name":"Kingsway South","country":"CA","lat":43.65352,"lon":-79.51058},{"name":"Kirkland","country":"CA","lat":45.45008,"lon":-73.86586},{"name":"Kirkland Lake","country":"CA","lat":48.14461,"lon":-80.03767},{"name":"Kitchener","country":"CA","lat":43.42537,"lon":-80.5112},{"name":"Kitimat","country":"CA","lat":54.05244,"lon":-128.65342},{"name":"Kugluktuk","country":"CA","lat":67.82743,"lon":-115.09649},{"name":"L'Amoreaux","country":"CA","lat":43.79572,"lon":-79.31408},{"name":"L'Ancienne-Lorette","country":"CA","lat":46.79392,"lon":-71.35191},{"name":"L'Ange-Gardien","country":"CA","lat":46.91976,"lon":-71.08253},{"name":"L'Ascension-de-Notre-Seigneur","country":"CA","lat":48.68339,"lon":-71.6658},{"name":"L'Assomption","country":"CA","lat":45.82318,"lon":-73.4294},{"name":"L'Épiphanie","country":"CA","lat":45.85008,"lon":-73.48246},{"name":"L'Île-Perrot","country":"CA","lat":45.38338,"lon":-73.9492},{"name":"L'Orignal","country":"CA","lat":45.6198,"lon":-74.6915},{"name":"La Broquerie","country":"CA","lat":49.51688,"lon":-96.50029},{"name":"La Conception","country":"CA","lat":46.15009,"lon":-74.69925},{"name":"La Guadeloupe","country":"CA","lat":45.96108,"lon":-70.93975},{"name":"La Haute-Saint-Charles","country":"CA","lat":46.89028,"lon":-71.37222},{"name":"La Malbaie","country":"CA","lat":47.654,"lon":-70.15268},{"name":"La Minerve","country":"CA","lat":46.25009,"lon":-74.93257},{"name":"La Pocatière","country":"CA","lat":47.36733,"lon":-70.03484},{"name":"La Prairie","country":"CA","lat":45.41678,"lon":-73.49917},{"name":"La Ronge","country":"CA","lat":55.10013,"lon":-105.28422},{"name":"La Sarre","country":"CA","lat":48.80019,"lon":-79.19964},{"name":"La Tuque","country":"CA","lat":47.43337,"lon":-72.7824},{"name":"Labelle","country":"CA","lat":46.28339,"lon":-74.73255},{"name":"Labrador City","country":"CA","lat":52.94626,"lon":-66.91137},{"name":"Lac du Bonnet","country":"CA","lat":50.2536,"lon":-96.06116},{"name":"Lac La Biche","country":"CA","lat":54.7669,"lon":-111.96861},{"name":"Lac-Alouette","country":"CA","lat":45.81698,"lon":-73.9592},{"name":"Lac-Brome","country":"CA","lat":45.21678,"lon":-72.51581},{"name":"Lac-Connelly","country":"CA","lat":45.89788,"lon":-73.9723},{"name":"Lac-des-Aigles","country":"CA","lat":47.99038,"lon":-68.67777},{"name":"Lac-Lapierre","country":"CA","lat":45.89837,"lon":-73.77308},{"name":"Lac-Mégantic","country":"CA","lat":45.58338,"lon":-70.88234},{"name":"Lac-Simon","country":"CA","lat":46.15699,"lon":-74.74129},{"name":"Lachute","country":"CA","lat":45.65008,"lon":-74.33253},{"name":"Lacolle","country":"CA","lat":45.08338,"lon":-73.36585},{"name":"Lacombe","country":"CA","lat":52.46681,"lon":-113.7353},{"name":"Ladner","country":"CA","lat":49.08938,"lon":-123.08241},{"name":"Ladysmith","country":"CA","lat":48.99016,"lon":-123.81699},{"name":"Lake Cowichan","country":"CA","lat":48.82495,"lon":-124.05461},{"name":"Lake Echo","country":"CA","lat":44.73345,"lon":-63.38198},{"name":"Lakefield","country":"CA","lat":44.43342,"lon":-78.26623},{"name":"Lambton Baby Point","country":"CA","lat":43.65742,"lon":-79.49605},{"name":"Lambton Shores","country":"CA","lat":43.16678,"lon":-81.93309},{"name":"Lamont","country":"CA","lat":53.76686,"lon":-112.80195},{"name":"Landmark","country":"CA","lat":49.67169,"lon":-96.82232},{"name":"Langenburg","country":"CA","lat":50.84999,"lon":-101.71763},{"name":"Langford","country":"CA","lat":48.44963,"lon":-123.50261},{"name":"Langham","country":"CA","lat":52.35892,"lon":-106.96167},{"name":"Langley","country":"CA","lat":49.10107,"lon":-122.65883},{"name":"Lanigan","country":"CA","lat":51.85006,"lon":-105.03443},{"name":"Lanoraie","country":"CA","lat":45.96677,"lon":-73.21585},{"name":"Lansing-Westgate","country":"CA","lat":43.75427,"lon":-79.42475},{"name":"Lantz","country":"CA","lat":44.98345,"lon":-63.48199},{"name":"Lappe","country":"CA","lat":48.5668,"lon":-89.35013},{"name":"Larkspur","country":"CA","lat":53.47942,"lon":-113.38142},{"name":"LaSalle","country":"CA","lat":42.24481,"lon":-83.06095},{"name":"Laurel","country":"CA","lat":53.44667,"lon":-113.38197},{"name":"Laurentides","country":"CA","lat":47.13336,"lon":-72.28239},{"name":"Laval","country":"CA","lat":45.56995,"lon":-73.692},{"name":"Lavaltrie","country":"CA","lat":45.88338,"lon":-73.28245},{"name":"Lawrence Park North","country":"CA","lat":43.73006,"lon":-79.40398},{"name":"Lawrence Park South","country":"CA","lat":43.71721,"lon":-79.40604},{"name":"Le Bic","country":"CA","lat":48.37549,"lon":-68.69415},{"name":"le Plateau","country":"CA","lat":45.43514,"lon":-75.7803},{"name":"Leamington","country":"CA","lat":42.05009,"lon":-82.59981},{"name":"Leaside-Bennington","country":"CA","lat":43.7038,"lon":-79.36607},{"name":"Lebel-sur-Quévillon","country":"CA","lat":49.05018,"lon":-76.98273},{"name":"Leblanc","country":"CA","lat":48.26683,"lon":-74.34914},{"name":"Leduc","country":"CA","lat":53.26682,"lon":-113.55201},{"name":"Les Cèdres","country":"CA","lat":45.31009,"lon":-74.05926},{"name":"Les Coteaux","country":"CA","lat":45.28338,"lon":-74.23254},{"name":"Les Escoumins","country":"CA","lat":48.35191,"lon":-69.40724},{"name":"Lethbridge","country":"CA","lat":49.69999,"lon":-112.81856},{"name":"Lévis","country":"CA","lat":46.80326,"lon":-71.17793},{"name":"Lewisporte","country":"CA","lat":49.24343,"lon":-55.06196},{"name":"Lillooet","country":"CA","lat":50.6856,"lon":-121.942},{"name":"Limoges","country":"CA","lat":45.3334,"lon":-75.24931},{"name":"Lincoln","country":"CA","lat":45.90012,"lon":-66.58218},{"name":"Lincoln Park","country":"CA","lat":51.00417,"lon":-114.12529},{"name":"Lindsay","country":"CA","lat":44.35012,"lon":-78.73286},{"name":"Linière","country":"CA","lat":46.00007,"lon":-70.41572},{"name":"Lions Bay","country":"CA","lat":49.45218,"lon":-123.2376},{"name":"Listowel","country":"CA","lat":43.7334,"lon":-80.94973},{"name":"Little Current","country":"CA","lat":45.97927,"lon":-81.9248},{"name":"Little Portugal","country":"CA","lat":43.64663,"lon":-79.42956},{"name":"Lively","country":"CA","lat":46.43338,"lon":-81.14975},{"name":"Lloydminster","country":"CA","lat":53.27237,"lon":-110.02256},{"name":"Logan Lake","country":"CA","lat":50.49225,"lon":-120.8149},{"name":"London","country":"CA","lat":42.98339,"lon":-81.23304},{"name":"Long Branch","country":"CA","lat":43.5914,"lon":-79.53252},{"name":"Longueuil","country":"CA","lat":45.5152,"lon":-73.46818},{"name":"Lorette","country":"CA","lat":49.73919,"lon":-96.87232},{"name":"Lorraine","country":"CA","lat":45.68338,"lon":-73.78249},{"name":"Louiseville","country":"CA","lat":46.25594,"lon":-72.94145},{"name":"Lower Sackville","country":"CA","lat":44.77599,"lon":-63.67865},{"name":"Lucan","country":"CA","lat":43.18339,"lon":-81.39976},{"name":"Luceville","country":"CA","lat":48.54498,"lon":-68.39658},{"name":"Lumby","country":"CA","lat":50.24979,"lon":-118.96904},{"name":"Lumsden","country":"CA","lat":50.65009,"lon":-104.86783},{"name":"Lunenburg","country":"CA","lat":44.37847,"lon":-64.31658},{"name":"Lutes Mountain","country":"CA","lat":46.13544,"lon":-64.90504},{"name":"Macamic","country":"CA","lat":48.75018,"lon":-78.99962},{"name":"Mackenzie","country":"CA","lat":55.33637,"lon":-123.09374},{"name":"Macklin","country":"CA","lat":52.33344,"lon":-109.93484},{"name":"Madoc","country":"CA","lat":44.50842,"lon":-77.47448},{"name":"Magog","country":"CA","lat":45.26678,"lon":-72.14909},{"name":"Magrath","country":"CA","lat":49.41668,"lon":-112.86856},{"name":"Malartic","country":"CA","lat":48.13633,"lon":-78.12533},{"name":"Maliotenam","country":"CA","lat":50.21119,"lon":-66.18164},{"name":"Malvern","country":"CA","lat":43.80938,"lon":-79.22344},{"name":"Manawan","country":"CA","lat":47.22029,"lon":-74.38606},{"name":"Mandeville","country":"CA","lat":46.36677,"lon":-73.34915},{"name":"Manitouwadge","country":"CA","lat":49.12152,"lon":-85.8403},{"name":"Maniwaki","country":"CA","lat":46.38341,"lon":-75.96605},{"name":"Manning","country":"CA","lat":56.92166,"lon":-117.63117},{"name":"Maple Creek","country":"CA","lat":49.90628,"lon":-109.48094},{"name":"Maple Leaf","country":"CA","lat":43.71557,"lon":-79.48076},{"name":"Maple Ridge","country":"CA","lat":53.50172,"lon":-113.36274},{"name":"Maple Ridge","country":"CA","lat":49.21939,"lon":-122.60193},{"name":"Maria","country":"CA","lat":48.1749,"lon":-65.98595},{"name":"Marieville","country":"CA","lat":45.43338,"lon":-73.16585},{"name":"Markdale","country":"CA","lat":44.3168,"lon":-80.64971},{"name":"Markham","country":"CA","lat":43.86682,"lon":-79.2663},{"name":"Markland Wood","country":"CA","lat":43.63347,"lon":-79.57569},{"name":"Martensville","country":"CA","lat":52.28339,"lon":-106.66792},{"name":"Marystown","country":"CA","lat":47.16663,"lon":-55.14829},{"name":"Mascouche","country":"CA","lat":45.74965,"lon":-73.59956},{"name":"Maskinongé","country":"CA","lat":46.2286,"lon":-73.01917},{"name":"Matagami","country":"CA","lat":49.76326,"lon":-77.62735},{"name":"Matane","country":"CA","lat":48.82857,"lon":-67.52197},{"name":"Mattawa","country":"CA","lat":46.31681,"lon":-78.69957},{"name":"Mayerthorpe","country":"CA","lat":53.95015,"lon":-115.13547},{"name":"McEwen","country":"CA","lat":46.1452,"lon":-64.78615},{"name":"Meadow Lake","country":"CA","lat":54.13348,"lon":-108.43471},{"name":"Meaford","country":"CA","lat":44.60725,"lon":-80.61081},{"name":"Medicine Hat","country":"CA","lat":50.03928,"lon":-110.67661},{"name":"Melfort","country":"CA","lat":52.86673,"lon":-104.61768},{"name":"Melita","country":"CA","lat":49.26811,"lon":-100.99669},{"name":"Melocheville","country":"CA","lat":45.31726,"lon":-73.9371},{"name":"Melville","country":"CA","lat":50.91671,"lon":-102.80099},{"name":"Mercier","country":"CA","lat":45.3105,"lon":-73.73976},{"name":"Merritt","country":"CA","lat":50.11225,"lon":-120.7942},{"name":"Métabetchouan","country":"CA","lat":48.36679,"lon":-72.01583},{"name":"Metabetchouan-Lac-a-la-Croix","country":"CA","lat":48.41,"lon":-71.78},{"name":"Metcalfe","country":"CA","lat":45.2334,"lon":-75.46603},{"name":"Metchosin","country":"CA","lat":48.38293,"lon":-123.53591},{"name":"Middleton","country":"CA","lat":44.94284,"lon":-65.07022},{"name":"Middleton","country":"CA","lat":45.71659,"lon":-63.17932},{"name":"Midland","country":"CA","lat":44.7501,"lon":-79.88296},{"name":"Mildmay","country":"CA","lat":44.043,"lon":-81.11889},{"name":"Mill Woods Town Centre","country":"CA","lat":53.45639,"lon":-113.42751},{"name":"Millbrook","country":"CA","lat":44.15012,"lon":-78.44954},{"name":"Millet","country":"CA","lat":53.09415,"lon":-113.47056},{"name":"Milliken","country":"CA","lat":43.82499,"lon":-79.29872},{"name":"Milton","country":"CA","lat":43.51681,"lon":-79.88294},{"name":"Mimico","country":"CA","lat":43.61616,"lon":-79.51269},{"name":"Minnedosa","country":"CA","lat":50.24532,"lon":-99.84364},{"name":"Mirabel","country":"CA","lat":45.65008,"lon":-74.08251},{"name":"Miramichi","country":"CA","lat":47.02895,"lon":-65.50186},{"name":"Mission","country":"CA","lat":49.13298,"lon":-122.30258},{"name":"Mississauga","country":"CA","lat":43.5789,"lon":-79.6583},{"name":"Mississauga Beach","country":"CA","lat":43.25876,"lon":-79.08625},{"name":"Mistissini","country":"CA","lat":50.41832,"lon":-73.86895},{"name":"Moncton","country":"CA","lat":46.09454,"lon":-64.7965},{"name":"Mont-Joli","country":"CA","lat":48.58388,"lon":-68.19214},{"name":"Mont-Laurier","country":"CA","lat":46.55011,"lon":-75.4993},{"name":"Mont-Royal","country":"CA","lat":45.51675,"lon":-73.64918},{"name":"Mont-Saint-Grégoire","country":"CA","lat":45.33338,"lon":-73.16585},{"name":"Mont-Saint-Hilaire","country":"CA","lat":45.56515,"lon":-73.1868},{"name":"Mont-Tremblant","country":"CA","lat":46.21274,"lon":-74.58438},{"name":"Montague","country":"CA","lat":46.16681,"lon":-62.64866},{"name":"Montmagny","country":"CA","lat":46.98043,"lon":-70.55493},{"name":"Montréal","country":"CA","lat":45.50884,"lon":-73.58781},{"name":"Montréal-Est","country":"CA","lat":45.63202,"lon":-73.5075},{"name":"Montréal-Ouest","country":"CA","lat":45.45286,"lon":-73.64918},{"name":"Moose Factory","country":"CA","lat":51.26689,"lon":-80.61624},{"name":"Moose Jaw","country":"CA","lat":50.40005,"lon":-105.53445},{"name":"Moose Lake","country":"CA","lat":49.20559,"lon":-95.30629},{"name":"Moosomin","country":"CA","lat":50.14261,"lon":-101.66666},{"name":"Moosonee","country":"CA","lat":51.27931,"lon":-80.6345},{"name":"Morden","country":"CA","lat":49.1919,"lon":-98.10136},{"name":"Morin-Heights","country":"CA","lat":45.90009,"lon":-74.24922},{"name":"Morinville","country":"CA","lat":53.80014,"lon":-113.65203},{"name":"Morningside","country":"CA","lat":43.78727,"lon":-79.20636},{"name":"Morris","country":"CA","lat":49.35499,"lon":-97.36567},{"name":"Morrisburg","country":"CA","lat":44.9001,"lon":-75.18261},{"name":"Moss Park","country":"CA","lat":43.65498,"lon":-79.37153},{"name":"Mount Albert","country":"CA","lat":44.13341,"lon":-79.3163},{"name":"Mount Brydges","country":"CA","lat":42.90009,"lon":-81.48306},{"name":"Mount Dennis","country":"CA","lat":43.68694,"lon":-79.48917},{"name":"Mount Olive-Silverstone-Jamestown","country":"CA","lat":43.74687,"lon":-79.58726},{"name":"Mount Pearl","country":"CA","lat":47.51659,"lon":-52.78135},{"name":"Mount Pleasant East","country":"CA","lat":43.70485,"lon":-79.38492},{"name":"Mount Pleasant West","country":"CA","lat":43.70444,"lon":-79.39336},{"name":"Nahanni Butte","country":"CA","lat":61.03346,"lon":-123.38639},{"name":"Nakusp","country":"CA","lat":50.24987,"lon":-117.80226},{"name":"Nanaimo","country":"CA","lat":49.16638,"lon":-123.94003},{"name":"Nanton","country":"CA","lat":50.35008,"lon":-113.76866},{"name":"Napanee","country":"CA","lat":44.25012,"lon":-76.94944},{"name":"Napanee Downtown","country":"CA","lat":44.24832,"lon":-76.95069},{"name":"Napierville","country":"CA","lat":45.18648,"lon":-73.40468},{"name":"Neebing","country":"CA","lat":48.1668,"lon":-89.41683},{"name":"Neepawa","country":"CA","lat":50.22892,"lon":-99.46642},{"name":"Nelson","country":"CA","lat":49.49985,"lon":-117.28553},{"name":"Nepean","country":"CA","lat":45.33619,"lon":-75.7225},{"name":"Neuville","country":"CA","lat":46.69823,"lon":-71.58275},{"name":"New Carlisle","country":"CA","lat":48.00956,"lon":-65.33621},{"name":"New Glasgow","country":"CA","lat":45.58344,"lon":-62.64863},{"name":"New Hamburg","country":"CA","lat":43.38339,"lon":-80.6997},{"name":"New Maryland","country":"CA","lat":45.89662,"lon":-66.68225},{"name":"New Toronto","country":"CA","lat":43.60019,"lon":-79.50527},{"name":"New Westminster","country":"CA","lat":49.20678,"lon":-122.91092},{"name":"New-Richmond","country":"CA","lat":48.16059,"lon":-65.85823},{"name":"New-Wes-Valley","country":"CA","lat":49.14988,"lon":-53.56475},{"name":"Newmarket","country":"CA","lat":44.05011,"lon":-79.46631},{"name":"Newtonbrook East","country":"CA","lat":43.79154,"lon":-79.40594},{"name":"Newtonbrook West","country":"CA","lat":43.78583,"lon":-79.43142},{"name":"Niagara","country":"CA","lat":43.64455,"lon":-79.40712},{"name":"Niagara Falls","country":"CA","lat":43.10012,"lon":-79.06627},{"name":"Niagara-on-the-Lake","country":"CA","lat":43.25655,"lon":-79.08527},{"name":"Nicolet","country":"CA","lat":46.23085,"lon":-72.61292},{"name":"Nipawin","country":"CA","lat":53.36678,"lon":-104.00092},{"name":"Niverville","country":"CA","lat":49.60559,"lon":-97.04234},{"name":"Noonan","country":"CA","lat":45.96682,"lon":-66.53218},{"name":"Norfolk County","country":"CA","lat":42.8334,"lon":-80.38297},{"name":"Norman Wells","country":"CA","lat":65.28201,"lon":-126.8329},{"name":"Normandin","country":"CA","lat":48.83328,"lon":-72.53209},{"name":"North Battleford","country":"CA","lat":52.77972,"lon":-108.2967},{"name":"North Bay","country":"CA","lat":46.3168,"lon":-79.46633},{"name":"North Cowichan","country":"CA","lat":48.84133,"lon":-123.68596},{"name":"North Oyster/Yellow Point","country":"CA","lat":49.04807,"lon":-123.83395},{"name":"North Perth","country":"CA","lat":43.7251,"lon":-80.96723},{"name":"North Riverdale","country":"CA","lat":43.672,"lon":-79.35126},{"name":"North Saanich","country":"CA","lat":48.66634,"lon":-123.41933},{"name":"North St.James Town","country":"CA","lat":43.66962,"lon":-79.37525},{"name":"North Vancouver","country":"CA","lat":49.31636,"lon":-123.06934},{"name":"Norwood","country":"CA","lat":44.38342,"lon":-77.98281},{"name":"Notre-Dame-de-Grâce","country":"CA","lat":45.47675,"lon":-73.61432},{"name":"Notre-Dame-de-l'Île-Perrot","country":"CA","lat":45.36678,"lon":-73.9325},{"name":"Notre-Dame-des-Prairies","country":"CA","lat":46.05007,"lon":-73.43245},{"name":"Notre-Dame-du-Lac","country":"CA","lat":46.75012,"lon":-79.04961},{"name":"Notre-Dame-du-Mont-Carmel","country":"CA","lat":46.0168,"lon":-75.08259},{"name":"Noyan","country":"CA","lat":45.06678,"lon":-73.29915},{"name":"O'Connor-Parkview","country":"CA","lat":43.7068,"lon":-79.31223},{"name":"Oak Bay","country":"CA","lat":48.44964,"lon":-123.3026},{"name":"Oakridge","country":"CA","lat":43.69686,"lon":-79.28028},{"name":"Oakville","country":"CA","lat":43.45011,"lon":-79.68292},{"name":"Oakwood Village","country":"CA","lat":43.68278,"lon":-79.43833},{"name":"Oka","country":"CA","lat":45.46489,"lon":-74.08892},{"name":"Okanagan","country":"CA","lat":50.36386,"lon":-119.34997},{"name":"Okanagan Falls","country":"CA","lat":49.35,"lon":-119.56667},{"name":"Okotoks","country":"CA","lat":50.72885,"lon":-113.98281},{"name":"Old East York","country":"CA","lat":43.69678,"lon":-79.33549},{"name":"Olds","country":"CA","lat":51.78341,"lon":-114.10199},{"name":"Oliver","country":"CA","lat":49.18306,"lon":-119.5524},{"name":"Omemee","country":"CA","lat":44.29897,"lon":-78.55989},{"name":"Orangeville","country":"CA","lat":43.9168,"lon":-80.09967},{"name":"Orillia","country":"CA","lat":44.60868,"lon":-79.42068},{"name":"Ormstown","country":"CA","lat":45.13338,"lon":-73.99922},{"name":"Oromocto","country":"CA","lat":45.83512,"lon":-66.47917},{"name":"Osgoode","country":"CA","lat":45.14887,"lon":-75.59778},{"name":"Oshawa","country":"CA","lat":43.90012,"lon":-78.84957},{"name":"Osoyoos","country":"CA","lat":49.03306,"lon":-119.45237},{"name":"Ottawa","country":"CA","lat":45.41117,"lon":-75.69812},{"name":"Otterburn Park","country":"CA","lat":45.53338,"lon":-73.21585},{"name":"Outlook","country":"CA","lat":51.48803,"lon":-107.05644},{"name":"Owen Sound","country":"CA","lat":44.56717,"lon":-80.94349},{"name":"Oxbow","country":"CA","lat":49.23335,"lon":-102.1676},{"name":"Oxford","country":"CA","lat":45.73345,"lon":-63.86542},{"name":"Paisley","country":"CA","lat":44.30641,"lon":-81.27265},{"name":"Palmerston-Little Italy","country":"CA","lat":43.65916,"lon":-79.41841},{"name":"Pangnirtung","country":"CA","lat":66.14642,"lon":-65.69996},{"name":"Papineauville","country":"CA","lat":45.6168,"lon":-75.01599},{"name":"Parc-Boutin","country":"CA","lat":45.29209,"lon":-73.26154},{"name":"Paris","country":"CA","lat":43.2,"lon":-80.38333},{"name":"Parkhill","country":"CA","lat":43.15993,"lon":-81.68464},{"name":"Parksville","country":"CA","lat":49.31947,"lon":-124.31575},{"name":"Parkwoods-Donalda","country":"CA","lat":43.75503,"lon":-79.33018},{"name":"Parrsboro","country":"CA","lat":45.40567,"lon":-64.32585},{"name":"Parry Sound","country":"CA","lat":45.34732,"lon":-80.03527},{"name":"Pasadena","country":"CA","lat":49.01671,"lon":-57.59837},{"name":"Peace River","country":"CA","lat":56.23715,"lon":-117.29176},{"name":"Peachland","country":"CA","lat":49.76862,"lon":-119.74633},{"name":"Pelican Narrows","country":"CA","lat":55.16685,"lon":-102.9341},{"name":"Pelmo Park-Humberlea","country":"CA","lat":43.71752,"lon":-79.52828},{"name":"Pemberton","country":"CA","lat":50.31641,"lon":-122.80273},{"name":"Pembroke","country":"CA","lat":45.81681,"lon":-77.11616},{"name":"Penhold","country":"CA","lat":52.13342,"lon":-113.8687},{"name":"Penticton","country":"CA","lat":49.48062,"lon":-119.58584},{"name":"Perth","country":"CA","lat":44.90011,"lon":-76.24939},{"name":"Petawawa","country":"CA","lat":45.89452,"lon":-77.28007},{"name":"Peterborough","country":"CA","lat":44.30012,"lon":-78.31623},{"name":"Petite-Bourgogne","country":"CA","lat":45.48867,"lon":-73.56812},{"name":"Petrolia","country":"CA","lat":42.86678,"lon":-82.14981},{"name":"Pickering","country":"CA","lat":43.90012,"lon":-79.13289},{"name":"Picton","country":"CA","lat":44.00176,"lon":-77.14637},{"name":"Pictou","country":"CA","lat":45.67875,"lon":-62.70936},{"name":"Picture Butte","country":"CA","lat":49.8833,"lon":-112.78516},{"name":"Piedmont","country":"CA","lat":45.90008,"lon":-74.13251},{"name":"Pierreville","country":"CA","lat":46.07034,"lon":-72.81125},{"name":"Pilot Butte","country":"CA","lat":50.48011,"lon":-104.41911},{"name":"Pincher Creek","country":"CA","lat":49.48328,"lon":-113.95195},{"name":"Pincourt","country":"CA","lat":45.38338,"lon":-73.9825},{"name":"Pitt Meadows","country":"CA","lat":49.22119,"lon":-122.68965},{"name":"Plantagenet","country":"CA","lat":45.5326,"lon":-74.99369},{"name":"Plattsville","country":"CA","lat":43.30794,"lon":-80.61618},{"name":"Playter Estates-Danforth","country":"CA","lat":43.6797,"lon":-79.35489},{"name":"Pleasant View","country":"CA","lat":43.78609,"lon":-79.33502},{"name":"Plessisville","country":"CA","lat":46.21856,"lon":-71.76201},{"name":"Pohénégamook","country":"CA","lat":47.46315,"lon":-69.22666},{"name":"Pointe-Calumet","country":"CA","lat":45.50008,"lon":-73.9659},{"name":"Pointe-Claire","country":"CA","lat":45.44868,"lon":-73.81669},{"name":"Pointe-du-Lac","country":"CA","lat":48.50009,"lon":-71.78241},{"name":"Pond Inlet","country":"CA","lat":72.6992,"lon":-77.9595},{"name":"Ponoka","country":"CA","lat":52.6768,"lon":-113.58147},{"name":"Pont Rouge","country":"CA","lat":48.88332,"lon":-72.08247},{"name":"Pont-Rouge","country":"CA","lat":46.75468,"lon":-71.69566},{"name":"Port Alberni","country":"CA","lat":49.24133,"lon":-124.8028},{"name":"Port Colborne","country":"CA","lat":42.90012,"lon":-79.23288},{"name":"Port Coquitlam","country":"CA","lat":49.26637,"lon":-122.76932},{"name":"Port Hawkesbury","country":"CA","lat":45.61652,"lon":-61.35636},{"name":"Port Hope","country":"CA","lat":44.01682,"lon":-78.39953},{"name":"Port McNeill","country":"CA","lat":50.59,"lon":-127.08638},{"name":"Port Moody","country":"CA","lat":49.28124,"lon":-122.82457},{"name":"Port Perry","country":"CA","lat":44.10676,"lon":-78.94441},{"name":"Port Rowan","country":"CA","lat":42.6168,"lon":-80.46638},{"name":"Port Stanley","country":"CA","lat":42.66679,"lon":-81.21644},{"name":"Port Williams","country":"CA","lat":45.10015,"lon":-64.41546},{"name":"Port-Cartier","country":"CA","lat":50.03339,"lon":-66.86545},{"name":"Portage la Prairie","country":"CA","lat":49.97282,"lon":-98.29263},{"name":"Portneuf","country":"CA","lat":46.69058,"lon":-71.89011},{"name":"Powassan","country":"CA","lat":46.0334,"lon":-79.34961},{"name":"Powell River","country":"CA","lat":49.83278,"lon":-124.52368},{"name":"Preeceville","country":"CA","lat":51.94998,"lon":-102.66766},{"name":"Prescott","country":"CA","lat":44.71681,"lon":-75.51604},{"name":"Prévost","country":"CA","lat":45.86678,"lon":-74.08251},{"name":"Prince Albert","country":"CA","lat":53.20008,"lon":-105.76772},{"name":"Prince Edward","country":"CA","lat":44.00012,"lon":-77.24946},{"name":"Prince George","country":"CA","lat":53.9166,"lon":-122.75301},{"name":"Prince Rupert","country":"CA","lat":54.31507,"lon":-130.32098},{"name":"Princess-Rosethorn","country":"CA","lat":43.66605,"lon":-79.54456},{"name":"Princeton","country":"CA","lat":49.45802,"lon":-120.51076},{"name":"Princeville","country":"CA","lat":45.76684,"lon":-61.29853},{"name":"Princeville","country":"CA","lat":46.17163,"lon":-71.87462},{"name":"Provost","country":"CA","lat":52.35014,"lon":-110.26828},{"name":"Puntledge","country":"CA","lat":49.67322,"lon":-125.02907},{"name":"Québec","country":"CA","lat":46.81228,"lon":-71.21454},{"name":"Queenswood Heights","country":"CA","lat":45.47083,"lon":-75.50556},{"name":"Quesnel","country":"CA","lat":52.97842,"lon":-122.4931},{"name":"Quinte West","country":"CA","lat":44.18342,"lon":-77.56618},{"name":"Rankin Inlet","country":"CA","lat":62.80906,"lon":-92.08534},{"name":"Rawdon","country":"CA","lat":46.05007,"lon":-73.71587},{"name":"Raymond","country":"CA","lat":49.46382,"lon":-112.66024},{"name":"Rayside-Balfour","country":"CA","lat":46.60873,"lon":-81.20763},{"name":"Red Deer","country":"CA","lat":52.26682,"lon":-113.802},{"name":"Red Lake","country":"CA","lat":51.01678,"lon":-93.82736},{"name":"Red Lake","country":"CA","lat":51.06676,"lon":-93.73373},{"name":"Regent Park","country":"CA","lat":43.66041,"lon":-79.3615},{"name":"Regina","country":"CA","lat":50.45008,"lon":-104.6178},{"name":"Regina Beach","country":"CA","lat":50.79146,"lon":-104.98006},{"name":"Renfrew","country":"CA","lat":45.46681,"lon":-76.68272},{"name":"Repentigny","country":"CA","lat":45.74222,"lon":-73.45008},{"name":"Revelstoke","country":"CA","lat":50.99712,"lon":-118.1953},{"name":"Rexdale-Kipling","country":"CA","lat":43.72373,"lon":-79.56623},{"name":"Richelieu","country":"CA","lat":45.44336,"lon":-73.24602},{"name":"Richibucto","country":"CA","lat":46.68073,"lon":-64.88044},{"name":"Richmond","country":"CA","lat":45.66677,"lon":-72.1491},{"name":"Richmond","country":"CA","lat":45.1834,"lon":-75.83266},{"name":"Richmond","country":"CA","lat":49.17003,"lon":-123.13683},{"name":"Richmond Hill","country":"CA","lat":43.87111,"lon":-79.43725},{"name":"Rideau Park","country":"CA","lat":53.47899,"lon":-113.5047},{"name":"Ridgetown","country":"CA","lat":42.43536,"lon":-81.88733},{"name":"Rigaud","country":"CA","lat":45.47927,"lon":-74.30238},{"name":"Rimbey","country":"CA","lat":52.6334,"lon":-114.23532},{"name":"Rimouski","country":"CA","lat":48.44879,"lon":-68.52396},{"name":"Rivers","country":"CA","lat":50.03081,"lon":-100.24029},{"name":"Rivière-du-Loup","country":"CA","lat":47.82699,"lon":-69.54243},{"name":"Rivière-Rouge","country":"CA","lat":46.41679,"lon":-74.86596},{"name":"Roberval","country":"CA","lat":48.5168,"lon":-72.23244},{"name":"Roblin","country":"CA","lat":51.22999,"lon":-101.3565},{"name":"Rock Forest","country":"CA","lat":45.35699,"lon":-71.99676},{"name":"Rockcliffe-Smythe","country":"CA","lat":43.67479,"lon":-79.49442},{"name":"Rockwood","country":"CA","lat":43.61899,"lon":-80.14441},{"name":"Rocky Mountain House","country":"CA","lat":52.36683,"lon":-114.9188},{"name":"Roncesvalles","country":"CA","lat":43.64887,"lon":-79.45016},{"name":"Rosedale-Moore Park","country":"CA","lat":43.68282,"lon":-79.37967},{"name":"Rosemère","country":"CA","lat":45.63338,"lon":-73.79919},{"name":"Rosetown","country":"CA","lat":51.5501,"lon":-108.00136},{"name":"Rossland","country":"CA","lat":49.08313,"lon":-117.80224},{"name":"Rosthern","country":"CA","lat":52.66679,"lon":-106.33446},{"name":"Rouge","country":"CA","lat":43.80406,"lon":-79.16571},{"name":"Rougemont","country":"CA","lat":45.43338,"lon":-73.04914},{"name":"Rouyn-Noranda","country":"CA","lat":48.23656,"lon":-79.02311},{"name":"Royston","country":"CA","lat":49.64703,"lon":-124.9467},{"name":"Runnymede-Bloor West Village","country":"CA","lat":43.65927,"lon":-79.48571},{"name":"Russell","country":"CA","lat":45.2501,"lon":-75.36602},{"name":"Rustic","country":"CA","lat":43.71161,"lon":-79.49809},{"name":"Saanichton","country":"CA","lat":48.6,"lon":-123.41667},{"name":"Sackville","country":"CA","lat":45.89868,"lon":-64.36836},{"name":"Sacré-Coeur","country":"CA","lat":48.2297,"lon":-69.80061},{"name":"Saguenay","country":"CA","lat":48.41675,"lon":-71.06573},{"name":"Saint Andrews","country":"CA","lat":45.0737,"lon":-67.05312},{"name":"Saint John","country":"CA","lat":45.27076,"lon":-66.05616},{"name":"Saint-Adolphe-d'Howard","country":"CA","lat":45.96679,"lon":-74.33253},{"name":"Saint-Alexandre","country":"CA","lat":50.02539,"lon":-66.86155},{"name":"Saint-Alexandre","country":"CA","lat":45.5001,"lon":-75.74935},{"name":"Saint-Amable","country":"CA","lat":45.65008,"lon":-73.29916},{"name":"Saint-Ambroise","country":"CA","lat":48.55447,"lon":-71.32148},{"name":"Saint-Ambroise","country":"CA","lat":46.07647,"lon":-73.55636},{"name":"Saint-André-Avellin","country":"CA","lat":45.7168,"lon":-75.06599},{"name":"Saint-Anselme","country":"CA","lat":46.62922,"lon":-70.9734},{"name":"Saint-Antoine","country":"CA","lat":46.36294,"lon":-64.74985},{"name":"Saint-Antoine-de-Tilly","country":"CA","lat":46.66346,"lon":-71.57335},{"name":"Saint-Antonin","country":"CA","lat":47.7607,"lon":-69.47745},{"name":"Saint-Augustin","country":"CA","lat":51.22602,"lon":-58.65017},{"name":"Saint-Augustin-de-Desmaures","country":"CA","lat":46.74064,"lon":-71.45131},{"name":"Saint-Barnabé-Sud","country":"CA","lat":45.72977,"lon":-72.92244},{"name":"Saint-Basile-le-Grand","country":"CA","lat":45.53338,"lon":-73.28246},{"name":"Saint-Boniface","country":"CA","lat":46.50011,"lon":-75.98264},{"name":"Saint-Bruno","country":"CA","lat":48.46679,"lon":-71.6491},{"name":"Saint-Bruno-de-Guigues","country":"CA","lat":47.46685,"lon":-79.43296},{"name":"Saint-Bruno-de-Montarville","country":"CA","lat":45.53341,"lon":-73.34916},{"name":"Saint-Canut","country":"CA","lat":45.71502,"lon":-74.08376},{"name":"Saint-Césaire","country":"CA","lat":45.41678,"lon":-72.99914},{"name":"Saint-Charles","country":"CA","lat":45.70288,"lon":-73.55417},{"name":"Saint-Colomban","country":"CA","lat":45.73338,"lon":-74.13251},{"name":"Saint-Côme--Linière","country":"CA","lat":46.06677,"lon":-70.51573},{"name":"Saint-Constant","country":"CA","lat":45.36678,"lon":-73.56588},{"name":"Saint-Cyrille-de-Wendover","country":"CA","lat":45.93336,"lon":-72.43241},{"name":"Saint-Damase","country":"CA","lat":45.53341,"lon":-72.99914},{"name":"Saint-Denis-sur-Richelieu","country":"CA","lat":45.78338,"lon":-73.14915},{"name":"Saint-Donat-de-Montcalm","country":"CA","lat":46.31868,"lon":-74.22171},{"name":"Saint-Édouard","country":"CA","lat":45.23338,"lon":-73.51588},{"name":"Saint-Elzéar","country":"CA","lat":45.60338,"lon":-73.72698},{"name":"Saint-Éphrem-de-Beauce","country":"CA","lat":46.06677,"lon":-70.94905},{"name":"Saint-Eustache","country":"CA","lat":45.565,"lon":-73.90554},{"name":"Saint-Félicien","country":"CA","lat":48.65007,"lon":-72.44906},{"name":"Saint-Félix-de-Valois","country":"CA","lat":46.16977,"lon":-73.42525},{"name":"Saint-Gabriel","country":"CA","lat":46.30007,"lon":-73.38245},{"name":"Saint-Gédéon","country":"CA","lat":48.50009,"lon":-71.76581},{"name":"Saint-Georges","country":"CA","lat":46.11353,"lon":-70.66526},{"name":"Saint-Germain-de-Grantham","country":"CA","lat":45.83337,"lon":-72.56582},{"name":"Saint-Henri","country":"CA","lat":46.69314,"lon":-71.06927},{"name":"Saint-Hippolyte","country":"CA","lat":45.93338,"lon":-74.0159},{"name":"Saint-Honoré","country":"CA","lat":48.53338,"lon":-71.08236},{"name":"Saint-Hubert","country":"CA","lat":45.50008,"lon":-73.41583},{"name":"Saint-Hyacinthe","country":"CA","lat":45.63076,"lon":-72.95699},{"name":"Saint-Isidore","country":"CA","lat":47.43345,"lon":-79.29965},{"name":"Saint-Isidore-de-Laprairie","country":"CA","lat":45.30008,"lon":-73.67998},{"name":"Saint-Jacques","country":"CA","lat":45.94867,"lon":-73.57026},{"name":"Saint-Jacques-le-Mineur","country":"CA","lat":45.28338,"lon":-73.41587},{"name":"Saint-Jean-Baptiste","country":"CA","lat":45.3806,"lon":-74.0121},{"name":"Saint-Jean-sur-Richelieu","country":"CA","lat":45.30713,"lon":-73.26259},{"name":"Saint-Jérôme","country":"CA","lat":45.78036,"lon":-74.00365},{"name":"Saint-Joseph","country":"CA","lat":45.95817,"lon":-73.22025},{"name":"Saint-Joseph-de-Beauce","country":"CA","lat":46.3,"lon":-70.86667},{"name":"Saint-Joseph-de-Coleraine","country":"CA","lat":45.96677,"lon":-71.36577},{"name":"Saint-Joseph-du-Lac","country":"CA","lat":45.53338,"lon":-73.9992},{"name":"Saint-Lambert-de-Lauzon","country":"CA","lat":46.58624,"lon":-71.20892},{"name":"Saint-Laurent","country":"CA","lat":45.50008,"lon":-73.66585},{"name":"Saint-Lazare","country":"CA","lat":45.40008,"lon":-74.13256},{"name":"Saint-Lazare-de-Bellechasse","country":"CA","lat":46.65306,"lon":-70.80701},{"name":"Saint-Léonard","country":"CA","lat":45.58773,"lon":-73.59501},{"name":"Saint-Léonard","country":"CA","lat":47.16317,"lon":-67.9246},{"name":"Saint-Léonard-d'Aston","country":"CA","lat":46.10723,"lon":-72.3735},{"name":"Saint-Liboire","country":"CA","lat":45.65068,"lon":-72.76348},{"name":"Saint-Lin-Laurentides","country":"CA","lat":45.85008,"lon":-73.76588},{"name":"Saint-Louis-du-Ha Ha","country":"CA","lat":47.66602,"lon":-68.97638},{"name":"Saint-Marc-des-Carrières","country":"CA","lat":46.68335,"lon":-72.0491},{"name":"Saint-Mathieu","country":"CA","lat":45.31678,"lon":-73.51587},{"name":"Saint-Michel","country":"CA","lat":45.56758,"lon":-73.62168},{"name":"Saint-Michel-des-Saints","country":"CA","lat":46.67702,"lon":-73.91881},{"name":"Saint-Nazaire","country":"CA","lat":48.58944,"lon":-71.55247},{"name":"Saint-Norbert","country":"CA","lat":46.16949,"lon":-73.31494},{"name":"Saint-Pacôme","country":"CA","lat":47.40457,"lon":-69.95025},{"name":"Saint-Pascal","country":"CA","lat":47.51813,"lon":-69.80301},{"name":"Saint-Philippe-de-La Prairie","country":"CA","lat":45.35723,"lon":-73.47706},{"name":"Saint-Pie","country":"CA","lat":45.50277,"lon":-72.9089},{"name":"Saint-Pie-V","country":"CA","lat":46.00351,"lon":-72.74689},{"name":"Saint-Pierre-les-Becquets","country":"CA","lat":46.50005,"lon":-72.1991},{"name":"Saint-Placide","country":"CA","lat":45.53338,"lon":-74.19923},{"name":"Saint-Polycarpe","country":"CA","lat":45.30009,"lon":-74.29924},{"name":"Saint-Prime","country":"CA","lat":48.59242,"lon":-72.33555},{"name":"Saint-Raphaël","country":"CA","lat":46.25011,"lon":-76.01605},{"name":"Saint-Raymond","country":"CA","lat":45.46698,"lon":-73.60948},{"name":"Saint-Rémi","country":"CA","lat":45.26678,"lon":-73.61588},{"name":"Saint-Rémi-de-Tingwick","country":"CA","lat":45.86677,"lon":-71.81581},{"name":"Saint-Sauveur","country":"CA","lat":45.88686,"lon":-74.17943},{"name":"Saint-Sauveur-des-Monts","country":"CA","lat":45.90008,"lon":-74.16591},{"name":"Saint-Siméon","country":"CA","lat":47.84431,"lon":-69.87837},{"name":"Saint-Thomas","country":"CA","lat":46.01677,"lon":-73.34915},{"name":"Saint-Tite","country":"CA","lat":46.73336,"lon":-72.56581},{"name":"Saint-Victor","country":"CA","lat":45.61118,"lon":-73.51527},{"name":"Saint-Zotique","country":"CA","lat":45.25009,"lon":-74.24924},{"name":"Sainte Catherine de la Jacques Cartier","country":"CA","lat":46.85244,"lon":-71.62056},{"name":"Sainte-Adèle","country":"CA","lat":45.95008,"lon":-74.13251},{"name":"Sainte-Agathe-des-Monts","country":"CA","lat":46.05009,"lon":-74.28252},{"name":"Sainte-Anne-de-Bellevue","country":"CA","lat":45.40618,"lon":-73.9456},{"name":"Sainte-Anne-des-Monts","country":"CA","lat":49.12402,"lon":-66.49243},{"name":"Sainte-Anne-des-Plaines","country":"CA","lat":45.76468,"lon":-73.81156},{"name":"Sainte-Béatrix","country":"CA","lat":46.20007,"lon":-73.61587},{"name":"Sainte-Catherine","country":"CA","lat":45.40008,"lon":-73.58248},{"name":"Sainte-Catherine","country":"CA","lat":46.31836,"lon":-72.56632},{"name":"Sainte-Croix","country":"CA","lat":45.13368,"lon":-72.80083},{"name":"Sainte-Élisabeth","country":"CA","lat":46.09502,"lon":-73.35176},{"name":"Sainte-Julie","country":"CA","lat":45.58338,"lon":-73.33246},{"name":"Sainte-Julienne","country":"CA","lat":45.96677,"lon":-73.71587},{"name":"Sainte-Madeleine","country":"CA","lat":45.60008,"lon":-73.09914},{"name":"Sainte-Marguerite-du-Lac-Masson","country":"CA","lat":46.03338,"lon":-74.0659},{"name":"Sainte-Marie","country":"CA","lat":46.43401,"lon":-71.01168},{"name":"Sainte-Marthe-sur-le-Lac","country":"CA","lat":45.53338,"lon":-73.9325},{"name":"Sainte-Martine","country":"CA","lat":45.25008,"lon":-73.79919},{"name":"Sainte-Monique","country":"CA","lat":48.73339,"lon":-71.84911},{"name":"Sainte-Sophie","country":"CA","lat":45.81678,"lon":-73.89919},{"name":"Sainte-Thècle","country":"CA","lat":46.81676,"lon":-72.49911},{"name":"Sainte-Thérèse","country":"CA","lat":45.63922,"lon":-73.82757},{"name":"Salaberry-de-Valleyfield","country":"CA","lat":45.25008,"lon":-74.13253},{"name":"Salisbury","country":"CA","lat":46.03905,"lon":-65.04628},{"name":"Salluit","country":"CA","lat":62.20411,"lon":-75.64344},{"name":"Salmo","country":"CA","lat":49.19554,"lon":-117.27704},{"name":"Salmon Arm","country":"CA","lat":50.6998,"lon":-119.30237},{"name":"Salt Spring Island","country":"CA","lat":48.81852,"lon":-123.49061},{"name":"Saltair","country":"CA","lat":48.94963,"lon":-123.76939},{"name":"Sanikiluaq","country":"CA","lat":56.54106,"lon":-79.22576},{"name":"Sarnia","country":"CA","lat":42.97866,"lon":-82.40407},{"name":"Saskatoon","country":"CA","lat":52.13238,"lon":-106.66892},{"name":"Sault Ste. Marie","country":"CA","lat":46.51677,"lon":-84.33325},{"name":"Scarborough Village","country":"CA","lat":43.73899,"lon":-79.22124},{"name":"Seaforth","country":"CA","lat":43.55009,"lon":-81.39976},{"name":"Sechelt","country":"CA","lat":49.47512,"lon":-123.75903},{"name":"Selkirk","country":"CA","lat":50.1436,"lon":-96.88452},{"name":"Senneterre","country":"CA","lat":48.39302,"lon":-77.23951},{"name":"Sept-Îles","country":"CA","lat":50.20011,"lon":-66.38208},{"name":"Sexsmith","country":"CA","lat":55.34998,"lon":-118.78602},{"name":"Shannon","country":"CA","lat":46.88026,"lon":-71.51464},{"name":"Shaunavon","country":"CA","lat":49.65005,"lon":-108.4181},{"name":"Shawinigan","country":"CA","lat":46.56675,"lon":-72.74913},{"name":"Shawville","country":"CA","lat":45.60011,"lon":-76.4827},{"name":"Shediac","country":"CA","lat":46.21981,"lon":-64.54107},{"name":"Shediac Bridge-Shediac River","country":"CA","lat":46.26886,"lon":-64.60047},{"name":"Shelburne","country":"CA","lat":43.76325,"lon":-65.32355},{"name":"Shelburne","country":"CA","lat":44.0787,"lon":-80.20408},{"name":"Shellbrook","country":"CA","lat":53.21679,"lon":-106.40109},{"name":"Sherbrooke","country":"CA","lat":45.40008,"lon":-71.89908},{"name":"Sherwood Park","country":"CA","lat":53.51684,"lon":-113.3187},{"name":"Shilo","country":"CA","lat":49.80551,"lon":-99.64634},{"name":"Shippagan","country":"CA","lat":47.74424,"lon":-64.70804},{"name":"Shuniah Township","country":"CA","lat":48.5242,"lon":-89.1147},{"name":"Sicamous","country":"CA","lat":50.83312,"lon":-118.98565},{"name":"Silver Berry","country":"CA","lat":53.45787,"lon":-113.3817},{"name":"Simcoe","country":"CA","lat":42.8334,"lon":-80.29967},{"name":"Sioux Lookout","country":"CA","lat":50.06676,"lon":-91.98358},{"name":"Six Mile","country":"CA","lat":48.45767,"lon":-123.46088},{"name":"Skatepark","country":"CA","lat":44.25122,"lon":-76.94424},{"name":"Slave Lake","country":"CA","lat":55.28344,"lon":-114.76896},{"name":"Smithers","country":"CA","lat":54.78036,"lon":-127.17428},{"name":"Smiths Falls","country":"CA","lat":44.90452,"lon":-76.02333},{"name":"Smoky Lake","country":"CA","lat":54.11687,"lon":-112.46863},{"name":"Smooth Rock Falls","country":"CA","lat":49.28349,"lon":-81.63307},{"name":"Sooke","country":"CA","lat":48.37463,"lon":-123.72762},{"name":"Sorel-Tracy","country":"CA","lat":46.04178,"lon":-73.11358},{"name":"Souris","country":"CA","lat":46.3501,"lon":-62.24862},{"name":"Souris","country":"CA","lat":49.6172,"lon":-100.2612},{"name":"South Huron","country":"CA","lat":43.31679,"lon":-81.51647},{"name":"South Parkdale","country":"CA","lat":43.6367,"lon":-79.43934},{"name":"South Pender Harbour","country":"CA","lat":49.62202,"lon":-124.02484},{"name":"South River","country":"CA","lat":45.8334,"lon":-79.38293},{"name":"South Riverdale","country":"CA","lat":43.64929,"lon":-79.33565},{"name":"Sparwood","country":"CA","lat":49.73332,"lon":-114.88532},{"name":"Spirit River","country":"CA","lat":55.78327,"lon":-118.83607},{"name":"Springbrook","country":"CA","lat":52.1792,"lon":-113.87981},{"name":"Springdale","country":"CA","lat":49.49995,"lon":-56.06492},{"name":"Springhill","country":"CA","lat":45.65015,"lon":-64.04873},{"name":"Spruce Grove","country":"CA","lat":53.53344,"lon":-113.91874},{"name":"Squamish","country":"CA","lat":49.69925,"lon":-123.15631},{"name":"St-Jean-Port-Joli","country":"CA","lat":47.21418,"lon":-70.26969},{"name":"St. Adolphe","country":"CA","lat":49.6744,"lon":-97.11124},{"name":"St. Albert","country":"CA","lat":53.63344,"lon":-113.63533},{"name":"St. Andrew-Windfields","country":"CA","lat":43.75625,"lon":-79.37904},{"name":"St. Anthony","country":"CA","lat":51.37039,"lon":-55.59743},{"name":"St. Catharines","country":"CA","lat":43.17126,"lon":-79.24267},{"name":"St. George","country":"CA","lat":43.24495,"lon":-80.25144},{"name":"St. John's","country":"CA","lat":47.56494,"lon":-52.70931},{"name":"St. Paul","country":"CA","lat":53.98347,"lon":-111.28507},{"name":"St. Stephen","country":"CA","lat":45.18044,"lon":-67.29529},{"name":"St. Thomas","country":"CA","lat":42.77361,"lon":-81.18038},{"name":"Starlight Village","country":"CA","lat":45.88308,"lon":-66.76905},{"name":"Steeles","country":"CA","lat":43.81205,"lon":-79.33082},{"name":"Steinbach","country":"CA","lat":49.52579,"lon":-96.68451},{"name":"Stephenville","country":"CA","lat":48.55001,"lon":-58.5818},{"name":"Stephenville Crossing","country":"CA","lat":48.50001,"lon":-58.4318},{"name":"Stettler","country":"CA","lat":52.31683,"lon":-112.71861},{"name":"Stirling","country":"CA","lat":44.30012,"lon":-77.54948},{"name":"Stonegate-Queensway","country":"CA","lat":43.63552,"lon":-79.50113},{"name":"Stonewall","country":"CA","lat":50.13441,"lon":-97.32676},{"name":"Stoney Point","country":"CA","lat":44.26681,"lon":-79.53292},{"name":"Stony Plain","country":"CA","lat":53.53343,"lon":-114.00205},{"name":"Stouffville","country":"CA","lat":43.96682,"lon":-79.2496},{"name":"Stratford","country":"CA","lat":43.36679,"lon":-80.94972},{"name":"Strathmore","country":"CA","lat":51.05011,"lon":-113.38523},{"name":"Summerland","country":"CA","lat":49.59977,"lon":-119.66911},{"name":"Summerside","country":"CA","lat":46.3912,"lon":-63.78869},{"name":"Sundre","country":"CA","lat":51.8001,"lon":-114.63532},{"name":"Surrey","country":"CA","lat":49.10635,"lon":-122.82509},{"name":"Sussex","country":"CA","lat":45.72266,"lon":-65.50663},{"name":"Sutton","country":"CA","lat":45.10008,"lon":-72.61582},{"name":"Swan Hills","country":"CA","lat":54.71681,"lon":-115.40226},{"name":"Swan River","country":"CA","lat":52.1058,"lon":-101.26759},{"name":"Swift Current","country":"CA","lat":50.28337,"lon":-107.80135},{"name":"Sydenham","country":"CA","lat":44.56679,"lon":-80.79972},{"name":"Sydney","country":"CA","lat":46.1351,"lon":-60.1831},{"name":"Sydney Mines","country":"CA","lat":46.23669,"lon":-60.21767},{"name":"Sylvan Lake","country":"CA","lat":52.311,"lon":-114.08375},{"name":"Taber","country":"CA","lat":49.78703,"lon":-112.14603},{"name":"Tam O'Shanter-Sullivan","country":"CA","lat":43.77977,"lon":-79.29502},{"name":"Tamarack","country":"CA","lat":53.46441,"lon":-113.36235},{"name":"Tavistock","country":"CA","lat":43.31679,"lon":-80.83302},{"name":"Taylor-Massey","country":"CA","lat":43.695,"lon":-79.2959},{"name":"Tecumseh","country":"CA","lat":42.316,"lon":-82.884},{"name":"Témiscaming","country":"CA","lat":46.72122,"lon":-79.09712},{"name":"Temiskaming Shores","country":"CA","lat":47.49376,"lon":-79.71529},{"name":"Templeton-Est","country":"CA","lat":45.49389,"lon":-75.58833},{"name":"Terrace","country":"CA","lat":54.51634,"lon":-128.60345},{"name":"Terrasse-des-Pins","country":"CA","lat":45.86449,"lon":-74.06627},{"name":"Terrebonne","country":"CA","lat":45.70004,"lon":-73.64732},{"name":"The Beaches","country":"CA","lat":43.67372,"lon":-79.29539},{"name":"The Pas","country":"CA","lat":53.82159,"lon":-101.24488},{"name":"Thessalon","country":"CA","lat":46.25006,"lon":-83.5666},{"name":"Thetford-Mines","country":"CA","lat":46.09371,"lon":-71.30539},{"name":"Thistletown-Beaumond Heights","country":"CA","lat":43.73799,"lon":-79.56349},{"name":"Thompson","country":"CA","lat":55.7435,"lon":-97.85579},{"name":"Thorncliffe Park","country":"CA","lat":43.70775,"lon":-79.34998},{"name":"Thorold","country":"CA","lat":43.11682,"lon":-79.19958},{"name":"Three Hills","country":"CA","lat":51.70012,"lon":-113.26863},{"name":"Three Rivers","country":"CA","lat":46.1845,"lon":-62.5679},{"name":"Thunder Bay","country":"CA","lat":48.38202,"lon":-89.25018},{"name":"Thurso","country":"CA","lat":45.6001,"lon":-75.24931},{"name":"Timberlea","country":"CA","lat":44.66239,"lon":-63.74625},{"name":"Timmins","country":"CA","lat":48.46686,"lon":-81.33312},{"name":"Tisdale","country":"CA","lat":52.85002,"lon":-104.05096},{"name":"Tobermory","country":"CA","lat":45.25007,"lon":-81.66647},{"name":"Tofield","country":"CA","lat":53.36684,"lon":-112.66862},{"name":"Tofino","country":"CA","lat":49.15314,"lon":-125.90744},{"name":"Torbay","country":"CA","lat":47.66659,"lon":-52.73135},{"name":"Toronto","country":"CA","lat":43.70643,"lon":-79.39864},{"name":"Tottenham","country":"CA","lat":44.02437,"lon":-79.80553},{"name":"Tracadie-Sheila","country":"CA","lat":47.51444,"lon":-64.91806},{"name":"Trail","country":"CA","lat":49.09983,"lon":-117.70223},{"name":"Trinity Bay North","country":"CA","lat":48.5221,"lon":-53.0713},{"name":"Trinity-Bellwoods","country":"CA","lat":43.64791,"lon":-79.40849},{"name":"Trois-Rivières","country":"CA","lat":46.34515,"lon":-72.5477},{"name":"Truro","country":"CA","lat":45.36685,"lon":-63.26538},{"name":"Tsawwassen","country":"CA","lat":49.01667,"lon":-123.08333},{"name":"Tumbler Ridge","country":"CA","lat":55.13027,"lon":-120.99415},{"name":"Tweed","country":"CA","lat":44.47512,"lon":-77.31616},{"name":"Two Hills","country":"CA","lat":53.71031,"lon":-111.74595},{"name":"Ucluelet","country":"CA","lat":48.94153,"lon":-125.54635},{"name":"Unity","country":"CA","lat":52.45014,"lon":-109.16816},{"name":"University","country":"CA","lat":43.66251,"lon":-79.40118},{"name":"Upper Island Cove","country":"CA","lat":47.64989,"lon":-53.21478},{"name":"Uxbridge","country":"CA","lat":44.10012,"lon":-79.11628},{"name":"Val-d'Or","country":"CA","lat":48.0974,"lon":-77.79737},{"name":"Val-David","country":"CA","lat":46.03338,"lon":-74.21592},{"name":"Val-des-Monts","country":"CA","lat":45.6501,"lon":-75.66604},{"name":"Val-des-Sources","country":"CA","lat":45.76678,"lon":-71.9324},{"name":"Val-Morin","country":"CA","lat":46.00008,"lon":-74.18251},{"name":"Valcourt","country":"CA","lat":45.50008,"lon":-72.31581},{"name":"Vallée-Jonction","country":"CA","lat":46.37441,"lon":-70.91881},{"name":"Valley East","country":"CA","lat":46.64499,"lon":-80.9973},{"name":"Valleyview","country":"CA","lat":55.06673,"lon":-117.28585},{"name":"Vancouver","country":"CA","lat":49.24966,"lon":-123.11934},{"name":"Vanderhoof","country":"CA","lat":54.01657,"lon":-124.01982},{"name":"Vanier","country":"CA","lat":45.4399,"lon":-75.66498},{"name":"Varennes","country":"CA","lat":45.68338,"lon":-73.43246},{"name":"Vaudreuil-Dorion","country":"CA","lat":45.40008,"lon":-74.03251},{"name":"Vaughan","country":"CA","lat":43.8361,"lon":-79.49827},{"name":"Vauxhall","country":"CA","lat":50.06678,"lon":-112.11853},{"name":"Vegreville","country":"CA","lat":53.50015,"lon":-112.05182},{"name":"Venise-en-Québec","country":"CA","lat":45.08338,"lon":-73.13245},{"name":"Verchères","country":"CA","lat":45.78338,"lon":-73.34916},{"name":"Vermilion","country":"CA","lat":53.35409,"lon":-110.85849},{"name":"Vernon","country":"CA","lat":50.26729,"lon":-119.27337},{"name":"Victoria","country":"CA","lat":48.4359,"lon":-123.35155},{"name":"Victoria Village","country":"CA","lat":43.72849,"lon":-79.31487},{"name":"Victoriaville","country":"CA","lat":46.05007,"lon":-71.96579},{"name":"Viking","country":"CA","lat":53.09606,"lon":-111.77527},{"name":"Ville-Marie","country":"CA","lat":47.33345,"lon":-79.43297},{"name":"Vineland","country":"CA","lat":43.15132,"lon":-79.39449},{"name":"Virden","country":"CA","lat":49.8508,"lon":-100.93262},{"name":"Virgil","country":"CA","lat":43.21682,"lon":-79.13288},{"name":"Vulcan","country":"CA","lat":50.40008,"lon":-113.25189},{"name":"Wabana","country":"CA","lat":47.63319,"lon":-52.94806},{"name":"Wadena","country":"CA","lat":51.94999,"lon":-103.80102},{"name":"Wainwright","country":"CA","lat":52.83482,"lon":-110.85342},{"name":"Wakefield","country":"CA","lat":45.6668,"lon":-75.83265},{"name":"Walnut Grove","country":"CA","lat":49.16473,"lon":-122.64042},{"name":"Walpole Island","country":"CA","lat":42.6152,"lon":-82.51398},{"name":"Warman","country":"CA","lat":52.31679,"lon":-106.56791},{"name":"Warwick","country":"CA","lat":45.95007,"lon":-71.9824},{"name":"Wasaga Beach","country":"CA","lat":44.5168,"lon":-80.01637},{"name":"Waskaganish","country":"CA","lat":51.48333,"lon":-78.75},{"name":"Waswanipi","country":"CA","lat":49.73346,"lon":-76.16604},{"name":"Waterford","country":"CA","lat":42.9334,"lon":-80.28296},{"name":"Waterfront Communities-The Island","country":"CA","lat":43.63388,"lon":-79.3772},{"name":"Waterloo","country":"CA","lat":45.35008,"lon":-72.51582},{"name":"Waterloo","country":"CA","lat":43.4668,"lon":-80.51639},{"name":"Watford","country":"CA","lat":42.95008,"lon":-81.88309},{"name":"Watrous","country":"CA","lat":51.66677,"lon":-105.46788},{"name":"Watson Lake","country":"CA","lat":60.06349,"lon":-128.70893},{"name":"Wawa","country":"CA","lat":47.98877,"lon":-84.77411},{"name":"Weedon Centre","country":"CA","lat":45.70802,"lon":-71.45986},{"name":"Welcome Beach","country":"CA","lat":49.47959,"lon":-123.89239},{"name":"Welland","country":"CA","lat":42.98342,"lon":-79.24958},{"name":"Wellesley","country":"CA","lat":43.47691,"lon":-80.76209},{"name":"Wells","country":"CA","lat":45.38508,"lon":-65.929},{"name":"Wembley","country":"CA","lat":55.14995,"lon":-119.13602},{"name":"Wendover","country":"CA","lat":45.57275,"lon":-75.12757},{"name":"West End","country":"CA","lat":49.28333,"lon":-123.13333},{"name":"West Hill","country":"CA","lat":43.76737,"lon":-79.1795},{"name":"West Humber-Clairville","country":"CA","lat":43.71619,"lon":-79.59636},{"name":"West Kelowna","country":"CA","lat":49.8625,"lon":-119.58333},{"name":"West Lorne","country":"CA","lat":42.60009,"lon":-81.59976},{"name":"West St. Paul","country":"CA","lat":50.01043,"lon":-97.14213},{"name":"West Vancouver","country":"CA","lat":49.36672,"lon":-123.16652},{"name":"Westlake","country":"CA","lat":55.22228,"lon":-118.80415},{"name":"Westlock","country":"CA","lat":54.15016,"lon":-113.86876},{"name":"Westminster-Branson","country":"CA","lat":43.77881,"lon":-79.45242},{"name":"Westmount","country":"CA","lat":45.48341,"lon":-73.59918},{"name":"Weston","country":"CA","lat":43.70359,"lon":-79.51513},{"name":"Weston-Pellam Park","country":"CA","lat":43.67396,"lon":-79.46024},{"name":"Westville","country":"CA","lat":45.56685,"lon":-62.71534},{"name":"Wetaskiwin","country":"CA","lat":52.96683,"lon":-113.36869},{"name":"Wexford/Maryvale","country":"CA","lat":43.74857,"lon":-79.29864},{"name":"Weyburn","country":"CA","lat":49.66675,"lon":-103.85109},{"name":"Weymontachie","country":"CA","lat":47.8994,"lon":-73.7772},{"name":"Whistler","country":"CA","lat":50.11817,"lon":-122.95396},{"name":"White City","country":"CA","lat":50.43338,"lon":-104.36778},{"name":"White Rock","country":"CA","lat":49.02049,"lon":-122.79507},{"name":"Whitecourt","country":"CA","lat":54.15015,"lon":-115.68548},{"name":"Whitehorse","country":"CA","lat":60.71611,"lon":-135.05375},{"name":"Wild Rose","country":"CA","lat":53.4708,"lon":-113.38119},{"name":"Wilkie","country":"CA","lat":52.41683,"lon":-108.70142},{"name":"Williams Lake","country":"CA","lat":52.14153,"lon":-122.14451},{"name":"Willowdale","country":"CA","lat":43.76672,"lon":-79.39909},{"name":"Willowdale East","country":"CA","lat":43.7706,"lon":-79.40148},{"name":"Willowdale West","country":"CA","lat":43.77121,"lon":-79.42756},{"name":"Willowridge-Martingrove-Richview","country":"CA","lat":43.68364,"lon":-79.55422},{"name":"Winchester","country":"CA","lat":45.0834,"lon":-75.34933},{"name":"Windsor","country":"CA","lat":44.98345,"lon":-64.13204},{"name":"Windsor","country":"CA","lat":45.56678,"lon":-71.99909},{"name":"Windsor","country":"CA","lat":42.30008,"lon":-83.01654},{"name":"Wingham","country":"CA","lat":43.88793,"lon":-81.31145},{"name":"Winkler","country":"CA","lat":49.1817,"lon":-97.94104},{"name":"Winnipeg","country":"CA","lat":49.8844,"lon":-97.14704},{"name":"Woburn","country":"CA","lat":43.76657,"lon":-79.22773},{"name":"Wolfville","country":"CA","lat":45.08345,"lon":-64.36546},{"name":"Woodbine Corridor","country":"CA","lat":43.67836,"lon":-79.31571},{"name":"Woodbine-Lumsden","country":"CA","lat":43.69214,"lon":-79.3097},{"name":"Woodstock","country":"CA","lat":43.13339,"lon":-80.7497},{"name":"Wychwood","country":"CA","lat":43.67757,"lon":-79.4218},{"name":"Wynyard","country":"CA","lat":51.76674,"lon":-104.18436},{"name":"Yamachiche","country":"CA","lat":46.28175,"lon":-72.82873},{"name":"Yarmouth","country":"CA","lat":43.83345,"lon":-66.11557},{"name":"Yellowknife","country":"CA","lat":62.45411,"lon":-114.37248},{"name":"Yonge-Eglinton","country":"CA","lat":43.70469,"lon":-79.40359},{"name":"Yonge-St.Clair","country":"CA","lat":43.68786,"lon":-79.39787},{"name":"York University Heights","country":"CA","lat":43.76574,"lon":-79.48888},{"name":"Yorkdale-Glen Park","country":"CA","lat":43.71467,"lon":-79.45711},{"name":"Yorkton","country":"CA","lat":51.2167,"lon":-102.46766}]