[{"name":"Aadorf","country":"CH","lat":47.49204,"lon":8.90099},{"name":"Aarau","country":"CH","lat":47.39254,"lon":8.04422},{"name":"Aarberg","country":"CH","lat":47.04439,"lon":7.27578},{"name":"Aarburg","country":"CH","lat":47.32067,"lon":7.89986},{"name":"Aarwangen","country":"CH","lat":47.23845,"lon":7.76854},{"name":"Acquarossa","country":"CH","lat":46.45473,"lon":8.94261},{"name":"Adelboden","country":"CH","lat":46.49142,"lon":7.56031},{"name":"Adligenswil","country":"CH","lat":47.06521,"lon":8.36124},{"name":"Adliswil","country":"CH","lat":47.30997,"lon":8.52462},{"name":"Adliswil / Adliswil (Stadtkern)","country":"CH","lat":47.31128,"lon":8.52675},{"name":"Adliswil / Hündli-Zopf","country":"CH","lat":47.31637,"lon":8.51888},{"name":"Adliswil / Oberleimbach","country":"CH","lat":47.3202,"lon":8.51508},{"name":"Adliswil / Sonnenberg","country":"CH","lat":47.30958,"lon":8.52055},{"name":"Adliswil / Sood","country":"CH","lat":47.3187,"lon":8.52425},{"name":"Adliswil / Tal","country":"CH","lat":47.31142,"lon":8.53446},{"name":"Aesch","country":"CH","lat":47.47104,"lon":7.5973},{"name":"Aesch","country":"CH","lat":47.3297,"lon":8.6541},{"name":"Aeschi b. Spiez","country":"CH","lat":46.65848,"lon":7.6965},{"name":"Aeugst am Albis","country":"CH","lat":47.26703,"lon":8.48539},{"name":"Affeltrangen","country":"CH","lat":47.52581,"lon":9.03307},{"name":"Affoltern / Hasenbüel","country":"CH","lat":47.27324,"lon":8.45218},{"name":"Affoltern / Oberdorf","country":"CH","lat":47.27852,"lon":8.45651},{"name":"Affoltern / Sonnenberg","country":"CH","lat":47.28055,"lon":8.46008},{"name":"Affoltern / Unterdorf","country":"CH","lat":47.28277,"lon":8.45409},{"name":"Affoltern am Albis","country":"CH","lat":47.27743,"lon":8.45128},{"name":"Agno","country":"CH","lat":45.99863,"lon":8.9003},{"name":"Aigle","country":"CH","lat":46.3181,"lon":6.96457},{"name":"Aire-la-Ville","country":"CH","lat":46.19057,"lon":6.04287},{"name":"Airolo","country":"CH","lat":46.52855,"lon":8.61189},{"name":"Alle","country":"CH","lat":47.42542,"lon":7.13018},{"name":"Allschwil","country":"CH","lat":47.55074,"lon":7.53599},{"name":"Alpnach","country":"CH","lat":46.94227,"lon":8.2718},{"name":"Altdorf","country":"CH","lat":46.88042,"lon":8.64441},{"name":"Altendorf","country":"CH","lat":47.18994,"lon":8.83823},{"name":"Alterswil","country":"CH","lat":46.79587,"lon":7.25877},{"name":"Altishofen","country":"CH","lat":47.19916,"lon":7.96964},{"name":"Altnau","country":"CH","lat":47.61052,"lon":9.2616},{"name":"Altstätten","country":"CH","lat":47.37766,"lon":9.54746},{"name":"Amden","country":"CH","lat":47.14888,"lon":9.14233},{"name":"Amriswil","country":"CH","lat":47.54699,"lon":9.29586},{"name":"Andelfingen","country":"CH","lat":47.59447,"lon":8.67826},{"name":"Andermatt","country":"CH","lat":46.63565,"lon":8.59388},{"name":"Andwil","country":"CH","lat":47.43855,"lon":9.27436},{"name":"Anières","country":"CH","lat":46.27673,"lon":6.22204},{"name":"Appenzell","country":"CH","lat":47.33103,"lon":9.40996},{"name":"Apples","country":"CH","lat":46.55237,"lon":6.42889},{"name":"Arbon","country":"CH","lat":47.51667,"lon":9.43333},{"name":"Arch","country":"CH","lat":47.16533,"lon":7.43139},{"name":"Ardon","country":"CH","lat":46.20951,"lon":7.26012},{"name":"Arisdorf","country":"CH","lat":47.51323,"lon":7.76515},{"name":"Aristau","country":"CH","lat":47.28692,"lon":8.36356},{"name":"Arlesheim","country":"CH","lat":47.49412,"lon":7.61979},{"name":"Arosa","country":"CH","lat":46.77793,"lon":9.67621},{"name":"Arth","country":"CH","lat":47.06337,"lon":8.52349},{"name":"Arvigo","country":"CH","lat":46.30211,"lon":9.113},{"name":"Arzier","country":"CH","lat":46.45962,"lon":6.20813},{"name":"Arzo","country":"CH","lat":45.87606,"lon":8.94103},{"name":"Ascona","country":"CH","lat":46.15451,"lon":8.77327},{"name":"Attalens","country":"CH","lat":46.50555,"lon":6.85039},{"name":"Attinghausen","country":"CH","lat":46.86255,"lon":8.63036},{"name":"Attiswil","country":"CH","lat":47.24673,"lon":7.61353},{"name":"Au","country":"CH","lat":47.43093,"lon":9.63448},{"name":"Au","country":"CH","lat":47.24185,"lon":8.64406},{"name":"Au / Mittel-Dorf","country":"CH","lat":47.24303,"lon":8.64591},{"name":"Au / Unter-Dorf","country":"CH","lat":47.2473,"lon":8.6327},{"name":"Aubonne","country":"CH","lat":46.49514,"lon":6.39155},{"name":"Auswil","country":"CH","lat":47.13632,"lon":7.83226},{"name":"Auvernier","country":"CH","lat":46.97545,"lon":6.87903},{"name":"Auw","country":"CH","lat":47.21082,"lon":8.36583},{"name":"Avenches","country":"CH","lat":46.88004,"lon":7.04071},{"name":"Avry-sur-Matran","country":"CH","lat":46.78753,"lon":7.06735},{"name":"Ayent","country":"CH","lat":46.28249,"lon":7.41028},{"name":"Baar","country":"CH","lat":47.19625,"lon":8.52954},{"name":"Bäch","country":"CH","lat":47.20388,"lon":8.73224},{"name":"Bachenbülach","country":"CH","lat":47.50317,"lon":8.54556},{"name":"Bad Ragaz","country":"CH","lat":47.00601,"lon":9.50266},{"name":"Bad Zurzach","country":"CH","lat":47.58764,"lon":8.29365},{"name":"Baden","country":"CH","lat":47.47333,"lon":8.30592},{"name":"Bagnes","country":"CH","lat":46.08333,"lon":7.21667},{"name":"Balerna","country":"CH","lat":45.84638,"lon":9.00724},{"name":"Balgach","country":"CH","lat":47.40556,"lon":9.60702},{"name":"Ballens","country":"CH","lat":46.55485,"lon":6.3731},{"name":"Ballwil","country":"CH","lat":47.15371,"lon":8.32233},{"name":"Balsthal","country":"CH","lat":47.31613,"lon":7.69318},{"name":"Baltschieder","country":"CH","lat":46.30888,"lon":7.8657},{"name":"Bäretswil","country":"CH","lat":47.33709,"lon":8.85645},{"name":"Bäriswil","country":"CH","lat":47.01947,"lon":7.52709},{"name":"Bas-Vully","country":"CH","lat":46.96194,"lon":7.11251},{"name":"Basel","country":"CH","lat":47.55839,"lon":7.57327},{"name":"Basse-Nendaz","country":"CH","lat":46.18993,"lon":7.31209},{"name":"Bassecourt","country":"CH","lat":47.33808,"lon":7.24373},{"name":"Bassersdorf","country":"CH","lat":47.44342,"lon":8.62851},{"name":"Bätterkinden","country":"CH","lat":47.13164,"lon":7.53817},{"name":"Bauen","country":"CH","lat":46.93559,"lon":8.57836},{"name":"Bauma","country":"CH","lat":47.36745,"lon":8.87905},{"name":"Bavois","country":"CH","lat":46.68403,"lon":6.5671},{"name":"Beatenberg","country":"CH","lat":46.69896,"lon":7.79428},{"name":"Beckenried","country":"CH","lat":46.96653,"lon":8.47575},{"name":"Bedigliora","country":"CH","lat":46.00252,"lon":8.84052},{"name":"Begnins","country":"CH","lat":46.44152,"lon":6.24762},{"name":"Belfaux","country":"CH","lat":46.82171,"lon":7.10674},{"name":"Bellevue","country":"CH","lat":46.25739,"lon":6.15475},{"name":"Bellinzona","country":"CH","lat":46.19278,"lon":9.01703},{"name":"Bellmund","country":"CH","lat":47.10852,"lon":7.24608},{"name":"Belmont-sur-Lausanne","country":"CH","lat":46.51891,"lon":6.67636},{"name":"Belp","country":"CH","lat":46.89129,"lon":7.49825},{"name":"Ben Doyle Hiding Spot","country":"CH","lat":47.06504,"lon":8.40679},{"name":"Benglen","country":"CH","lat":47.36077,"lon":8.63687},{"name":"Benken","country":"CH","lat":47.19942,"lon":9.00735},{"name":"Berg","country":"CH","lat":47.57879,"lon":9.16635},{"name":"Berikon","country":"CH","lat":47.35155,"lon":8.37232},{"name":"Beringen","country":"CH","lat":47.69763,"lon":8.57431},{"name":"Bern","country":"CH","lat":46.94809,"lon":7.44744},{"name":"Bernex","country":"CH","lat":46.1765,"lon":6.07544},{"name":"Berolle","country":"CH","lat":46.55798,"lon":6.33551},{"name":"Beromünster","country":"CH","lat":47.20612,"lon":8.19265},{"name":"Besenbüren","country":"CH","lat":47.31439,"lon":8.34586},{"name":"Bettingen","country":"CH","lat":47.57039,"lon":7.66425},{"name":"Bettlach","country":"CH","lat":47.20062,"lon":7.42405},{"name":"Bevaix","country":"CH","lat":46.92958,"lon":6.8147},{"name":"Bévilard","country":"CH","lat":47.23711,"lon":7.28325},{"name":"Bex","country":"CH","lat":46.24965,"lon":7.0098},{"name":"Biasca","country":"CH","lat":46.35972,"lon":8.96965},{"name":"Biberist","country":"CH","lat":47.18009,"lon":7.56246},{"name":"Biberstein","country":"CH","lat":47.41641,"lon":8.08508},{"name":"Biel/Bienne","country":"CH","lat":47.13713,"lon":7.24608},{"name":"Bière","country":"CH","lat":46.53761,"lon":6.33362},{"name":"Biglen","country":"CH","lat":46.92629,"lon":7.62508},{"name":"Bilten","country":"CH","lat":47.14995,"lon":9.02551},{"name":"Binningen","country":"CH","lat":47.54021,"lon":7.56932},{"name":"Binz","country":"CH","lat":47.35635,"lon":8.62657},{"name":"Binzikon","country":"CH","lat":47.27632,"lon":8.75851},{"name":"Bioggio","country":"CH","lat":46.01357,"lon":8.91103},{"name":"Birchwil","country":"CH","lat":47.45431,"lon":8.63477},{"name":"Birmensdorf","country":"CH","lat":47.35515,"lon":8.44256},{"name":"Birmenstorf","country":"CH","lat":47.46152,"lon":8.24816},{"name":"Birr","country":"CH","lat":47.43432,"lon":8.20891},{"name":"Birsfelden","country":"CH","lat":47.5529,"lon":7.62322},{"name":"Blécherette","country":"CH","lat":46.53932,"lon":6.62227},{"name":"Blonay","country":"CH","lat":46.46778,"lon":6.89615},{"name":"Blumenstein","country":"CH","lat":46.7421,"lon":7.52136},{"name":"Bodio","country":"CH","lat":46.37808,"lon":8.90991},{"name":"Bolligen","country":"CH","lat":46.9751,"lon":7.49697},{"name":"Boltigen","country":"CH","lat":46.62847,"lon":7.39054},{"name":"Bonaduz","country":"CH","lat":46.81103,"lon":9.39821},{"name":"Boncourt","country":"CH","lat":47.49493,"lon":7.01297},{"name":"Bönigen","country":"CH","lat":46.68736,"lon":7.8935},{"name":"Boniswil","country":"CH","lat":47.31725,"lon":8.18963},{"name":"Bonstetten","country":"CH","lat":47.31505,"lon":8.46836},{"name":"Bösingen","country":"CH","lat":46.89229,"lon":7.2277},{"name":"Bottens","country":"CH","lat":46.61596,"lon":6.66149},{"name":"Bottighofen","country":"CH","lat":47.63643,"lon":9.20882},{"name":"Bottmingen","country":"CH","lat":47.52343,"lon":7.57211},{"name":"Boudry","country":"CH","lat":46.94991,"lon":6.83757},{"name":"Bowil","country":"CH","lat":46.89304,"lon":7.69757},{"name":"Braggio","country":"CH","lat":46.30277,"lon":9.1238},{"name":"Breíl","country":"CH","lat":46.76986,"lon":9.06036},{"name":"Breitenbach","country":"CH","lat":47.40668,"lon":7.54554},{"name":"Bremgarten","country":"CH","lat":47.35109,"lon":8.34214},{"name":"Brienz","country":"CH","lat":46.7545,"lon":8.03847},{"name":"Brig","country":"CH","lat":46.31667,"lon":7.98333},{"name":"Brislach","country":"CH","lat":47.41763,"lon":7.5434},{"name":"Brissago","country":"CH","lat":46.12013,"lon":8.71181},{"name":"Brittnau","country":"CH","lat":47.25954,"lon":7.94689},{"name":"Broc","country":"CH","lat":46.60513,"lon":7.09891},{"name":"Bronschhofen","country":"CH","lat":47.47835,"lon":9.03454},{"name":"Brugg","country":"CH","lat":47.48096,"lon":8.20869},{"name":"Brügg","country":"CH","lat":47.1237,"lon":7.27887},{"name":"Brusio","country":"CH","lat":46.25953,"lon":10.12385},{"name":"Brütten","country":"CH","lat":47.47318,"lon":8.67569},{"name":"Brüttisellen","country":"CH","lat":47.42173,"lon":8.63263},{"name":"Bubendorf","country":"CH","lat":47.44586,"lon":7.73759},{"name":"Bubikon","country":"CH","lat":47.26698,"lon":8.8179},{"name":"Buchholterberg","country":"CH","lat":46.81351,"lon":7.67463},{"name":"Buchrain","country":"CH","lat":47.09625,"lon":8.34729},{"name":"Buchs","country":"CH","lat":47.39358,"lon":8.08233},{"name":"Buchs","country":"CH","lat":47.16743,"lon":9.47794},{"name":"Bühler","country":"CH","lat":47.37348,"lon":9.42507},{"name":"Bülach","country":"CH","lat":47.52197,"lon":8.54049},{"name":"Bülach / Gstückt","country":"CH","lat":47.52337,"lon":8.54879},{"name":"Bülach / Seematt","country":"CH","lat":47.51716,"lon":8.54651},{"name":"Bülach / Soligänter","country":"CH","lat":47.52632,"lon":8.54106},{"name":"Bulle","country":"CH","lat":46.61797,"lon":7.0569},{"name":"Bünzen","country":"CH","lat":47.30977,"lon":8.32384},{"name":"Buochs","country":"CH","lat":46.97398,"lon":8.42279},{"name":"Burgdorf","country":"CH","lat":47.05901,"lon":7.62786},{"name":"Burgistein","country":"CH","lat":46.78464,"lon":7.49988},{"name":"Bürglen","country":"CH","lat":47.54921,"lon":9.1495},{"name":"Bürglen","country":"CH","lat":46.87565,"lon":8.66539},{"name":"Büron","country":"CH","lat":47.21192,"lon":8.0942},{"name":"Buseno","country":"CH","lat":46.27381,"lon":9.10735},{"name":"Büsserach","country":"CH","lat":47.39415,"lon":7.54117},{"name":"Bussigny","country":"CH","lat":46.5511,"lon":6.55597},{"name":"Busswil bei Melchnau","country":"CH","lat":47.18583,"lon":7.83194},{"name":"Bütschwil","country":"CH","lat":47.36022,"lon":9.07213},{"name":"Buttisholz","country":"CH","lat":47.11442,"lon":8.09425},{"name":"Buttwil","country":"CH","lat":47.26828,"lon":8.31064},{"name":"Buus","country":"CH","lat":47.50635,"lon":7.86414},{"name":"Cadempino","country":"CH","lat":46.03672,"lon":8.93403},{"name":"Cadenazzo","country":"CH","lat":46.15172,"lon":8.94719},{"name":"Cadro","country":"CH","lat":46.04595,"lon":8.98725},{"name":"Camorino","country":"CH","lat":46.16483,"lon":9.00547},{"name":"Canobbio","country":"CH","lat":46.03592,"lon":8.96605},{"name":"Carouge","country":"CH","lat":46.18096,"lon":6.13921},{"name":"Caslano","country":"CH","lat":45.97364,"lon":8.87739},{"name":"Castel San Pietro","country":"CH","lat":45.86211,"lon":9.00843},{"name":"Cauco","country":"CH","lat":46.33541,"lon":9.12129},{"name":"Caux","country":"CH","lat":46.43241,"lon":6.93855},{"name":"Cazis","country":"CH","lat":46.7194,"lon":9.43271},{"name":"Celerina","country":"CH","lat":46.51217,"lon":9.85794},{"name":"Cernier","country":"CH","lat":47.05878,"lon":6.9004},{"name":"Cevio","country":"CH","lat":46.31479,"lon":8.60332},{"name":"Chalais","country":"CH","lat":46.26758,"lon":7.51145},{"name":"Cham","country":"CH","lat":47.18213,"lon":8.46358},{"name":"Chamoson","country":"CH","lat":46.20275,"lon":7.22319},{"name":"Champéry","country":"CH","lat":46.17543,"lon":6.86903},{"name":"Chancy","country":"CH","lat":46.15003,"lon":5.97153},{"name":"Chardonne","country":"CH","lat":46.47676,"lon":6.8268},{"name":"Charmey","country":"CH","lat":46.61957,"lon":7.16486},{"name":"Charrat","country":"CH","lat":46.1249,"lon":7.13138},{"name":"Château-d'Oex","country":"CH","lat":46.47455,"lon":7.13155},{"name":"Châtel-Saint-Denis","country":"CH","lat":46.52691,"lon":6.90083},{"name":"Chavannes","country":"CH","lat":46.53005,"lon":6.57068},{"name":"Chavannes-le-Veyron","country":"CH","lat":46.607,"lon":6.45086},{"name":"Chavornay","country":"CH","lat":46.70244,"lon":6.5694},{"name":"Chêne-Bougeries","country":"CH","lat":46.19843,"lon":6.18642},{"name":"Chêne-Bourg","country":"CH","lat":46.19534,"lon":6.19406},{"name":"Chermignon-d'en Haut","country":"CH","lat":46.28844,"lon":7.47487},{"name":"Cheseaux","country":"CH","lat":46.58624,"lon":6.60587},{"name":"Cheseaux-Noréaz","country":"CH","lat":46.78184,"lon":6.67029},{"name":"Chéserex","country":"CH","lat":46.39935,"lon":6.17524},{"name":"Chevilly","country":"CH","lat":46.64272,"lon":6.47661},{"name":"Chexbres","country":"CH","lat":46.48208,"lon":6.77805},{"name":"Chézard-Saint-Martin","country":"CH","lat":47.06629,"lon":6.93332},{"name":"Chiasso","country":"CH","lat":45.83203,"lon":9.03119},{"name":"Chippis","country":"CH","lat":46.2802,"lon":7.53962},{"name":"Chur","country":"CH","lat":46.84986,"lon":9.53287},{"name":"Churwalden","country":"CH","lat":46.78143,"lon":9.54377},{"name":"Claro","country":"CH","lat":46.25763,"lon":9.02252},{"name":"Collombey","country":"CH","lat":46.27385,"lon":6.94789},{"name":"Comano","country":"CH","lat":46.03635,"lon":8.95526},{"name":"Confignon","country":"CH","lat":46.17341,"lon":6.08437},{"name":"Conthey","country":"CH","lat":46.2237,"lon":7.30283},{"name":"Coppet","country":"CH","lat":46.31682,"lon":6.19114},{"name":"Corcelles-le-Jorat","country":"CH","lat":46.60647,"lon":6.74273},{"name":"Corgémont","country":"CH","lat":47.19457,"lon":7.14517},{"name":"Corminboeuf","country":"CH","lat":46.81029,"lon":7.10535},{"name":"Cornaux","country":"CH","lat":47.0396,"lon":7.01872},{"name":"Corsier","country":"CH","lat":46.26297,"lon":6.22461},{"name":"Cortaillod","country":"CH","lat":46.94306,"lon":6.8444},{"name":"Cossonay","country":"CH","lat":46.61443,"lon":6.50631},{"name":"Courfaivre","country":"CH","lat":47.33461,"lon":7.28186},{"name":"Courgenay","country":"CH","lat":47.40483,"lon":7.12522},{"name":"Courgevaux","country":"CH","lat":46.90648,"lon":7.11215},{"name":"Courrendlin","country":"CH","lat":47.33853,"lon":7.37243},{"name":"Courroux","country":"CH","lat":47.36069,"lon":7.37371},{"name":"Court","country":"CH","lat":47.23956,"lon":7.33655},{"name":"Courtelary","country":"CH","lat":47.17822,"lon":7.07236},{"name":"Courtételle","country":"CH","lat":47.34074,"lon":7.31827},{"name":"Couvet","country":"CH","lat":46.92525,"lon":6.6327},{"name":"Crans-Montana","country":"CH","lat":46.31316,"lon":7.47914},{"name":"Cressier","country":"CH","lat":47.04907,"lon":7.03455},{"name":"Crissier","country":"CH","lat":46.54586,"lon":6.57567},{"name":"Cuarnens","country":"CH","lat":46.62545,"lon":6.43713},{"name":"Cugnasco","country":"CH","lat":46.17473,"lon":8.91684},{"name":"Cugy","country":"CH","lat":46.81479,"lon":6.88888},{"name":"Cully","country":"CH","lat":46.48892,"lon":6.72945},{"name":"Dachsen","country":"CH","lat":47.66515,"lon":8.6179},{"name":"Dagmersellen","country":"CH","lat":47.21405,"lon":7.98519},{"name":"Dallenwil","country":"CH","lat":46.9242,"lon":8.38785},{"name":"Dällikon / Dällikon (Dorf)","country":"CH","lat":47.43983,"lon":8.43813},{"name":"Dänikon","country":"CH","lat":47.44674,"lon":8.40648},{"name":"Dardagny","country":"CH","lat":46.19564,"lon":5.99497},{"name":"Därligen","country":"CH","lat":46.66175,"lon":7.80808},{"name":"Davos","country":"CH","lat":46.80429,"lon":9.83723},{"name":"Degersheim","country":"CH","lat":47.37429,"lon":9.20019},{"name":"Deitingen","country":"CH","lat":47.21515,"lon":7.6188},{"name":"Delémont","country":"CH","lat":47.36493,"lon":7.34453},{"name":"Densbüren","country":"CH","lat":47.4526,"lon":8.0533},{"name":"Derendingen","country":"CH","lat":47.1985,"lon":7.58844},{"name":"Diegten","country":"CH","lat":47.4138,"lon":7.81085},{"name":"Dielsdorf","country":"CH","lat":47.48146,"lon":8.4585},{"name":"Diemtigen","country":"CH","lat":46.64928,"lon":7.56477},{"name":"Diepoldsau","country":"CH","lat":47.386,"lon":9.65558},{"name":"Diessenhofen","country":"CH","lat":47.68908,"lon":8.74958},{"name":"Dietikon","country":"CH","lat":47.40165,"lon":8.40015},{"name":"Dietikon / Almend","country":"CH","lat":47.40477,"lon":8.39168},{"name":"Dietikon / Guggenbühl","country":"CH","lat":47.40009,"lon":8.40818},{"name":"Dietikon / Hofacker","country":"CH","lat":47.39718,"lon":8.41609},{"name":"Dietikon / Kreuzacker","country":"CH","lat":47.39919,"lon":8.40146},{"name":"Dietikon / Oberdorf","country":"CH","lat":47.40065,"lon":8.39416},{"name":"Dietikon / Schönenwerd","country":"CH","lat":47.39706,"lon":8.42576},{"name":"Dietikon / Vorstadt","country":"CH","lat":47.40819,"lon":8.39719},{"name":"Dietlikon / Dietlikon (Dorf)","country":"CH","lat":47.41827,"lon":8.6188},{"name":"Dietlikon / Eichwiesen","country":"CH","lat":47.4191,"lon":8.62078},{"name":"Disentis","country":"CH","lat":46.70341,"lon":8.8509},{"name":"Domat","country":"CH","lat":46.83483,"lon":9.45075},{"name":"Dombresson","country":"CH","lat":47.07192,"lon":6.9592},{"name":"Domdidier","country":"CH","lat":46.86716,"lon":7.01337},{"name":"Donat","country":"CH","lat":46.62843,"lon":9.4297},{"name":"Dorf","country":"CH","lat":47.239,"lon":8.73567},{"name":"Dornach","country":"CH","lat":47.48038,"lon":7.61644},{"name":"Dottikon","country":"CH","lat":47.38437,"lon":8.23981},{"name":"Dübendorf","country":"CH","lat":47.39724,"lon":8.61872},{"name":"Dübendorf / Kunklerstrasse","country":"CH","lat":47.40109,"lon":8.62724},{"name":"Dübendorf / Sonnenberg","country":"CH","lat":47.39469,"lon":8.63162},{"name":"Dübendorf / Vogelquartier","country":"CH","lat":47.39502,"lon":8.61184},{"name":"Dübendorf / Wasserfurren","country":"CH","lat":47.39352,"lon":8.6085},{"name":"Düdingen","country":"CH","lat":46.84916,"lon":7.1915},{"name":"Dürnten","country":"CH","lat":47.27856,"lon":8.84156},{"name":"Dürrenäsch","country":"CH","lat":47.32094,"lon":8.15874},{"name":"Dürrenroth","country":"CH","lat":47.08953,"lon":7.7917},{"name":"Ebikon","country":"CH","lat":47.07937,"lon":8.34041},{"name":"Ebmatingen","country":"CH","lat":47.34987,"lon":8.64013},{"name":"Ebnat-Kappel","country":"CH","lat":47.26195,"lon":9.12473},{"name":"Echallens","country":"CH","lat":46.6413,"lon":6.63317},{"name":"Ecublens","country":"CH","lat":46.60735,"lon":6.80895},{"name":"Ecublens","country":"CH","lat":46.52899,"lon":6.56261},{"name":"Effretikon","country":"CH","lat":47.42575,"lon":8.69094},{"name":"Effretikon / Rappenhalde-Bannhalde","country":"CH","lat":47.42388,"lon":8.69653},{"name":"Effretikon / Rikon","country":"CH","lat":47.43099,"lon":8.68624},{"name":"Effretikon / Watt","country":"CH","lat":47.42797,"lon":8.69822},{"name":"Egerkingen","country":"CH","lat":47.31957,"lon":7.78424},{"name":"Egg","country":"CH","lat":47.29976,"lon":8.69032},{"name":"Eggersriet","country":"CH","lat":47.44202,"lon":9.46901},{"name":"Eggiwil","country":"CH","lat":46.87575,"lon":7.79567},{"name":"Egliswil","country":"CH","lat":47.34922,"lon":8.18553},{"name":"Egnach","country":"CH","lat":47.54268,"lon":9.38048},{"name":"Ehrendingen","country":"CH","lat":47.5025,"lon":8.34729},{"name":"Eich","country":"CH","lat":47.15116,"lon":8.16695},{"name":"Eichberg","country":"CH","lat":47.34374,"lon":9.5314},{"name":"Eiken","country":"CH","lat":47.53361,"lon":7.98801},{"name":"Einsiedeln","country":"CH","lat":47.12849,"lon":8.74735},{"name":"Elgg","country":"CH","lat":47.49715,"lon":8.86523},{"name":"Elgg / Städtchen und Umgebung","country":"CH","lat":47.49265,"lon":8.8668},{"name":"Elsau-Räterschen","country":"CH","lat":47.50238,"lon":8.79874},{"name":"Elsau-Räterschen / Räterschen","country":"CH","lat":47.49927,"lon":8.796},{"name":"Embrach","country":"CH","lat":47.50561,"lon":8.59406},{"name":"Embrach / Embrach (Dorfkern)","country":"CH","lat":47.504,"lon":8.59477},{"name":"Embrach / Kellersacker","country":"CH","lat":47.51455,"lon":8.59146},{"name":"Emmen","country":"CH","lat":47.07819,"lon":8.27331},{"name":"Emmetten","country":"CH","lat":46.95658,"lon":8.51467},{"name":"Endingen","country":"CH","lat":47.53742,"lon":8.29036},{"name":"Engelberg","country":"CH","lat":46.82107,"lon":8.40133},{"name":"Ennenda","country":"CH","lat":47.03363,"lon":9.07888},{"name":"Ennetbürgen","country":"CH","lat":46.98423,"lon":8.41003},{"name":"Entlebuch","country":"CH","lat":46.99559,"lon":8.06354},{"name":"Epalinges","country":"CH","lat":46.54896,"lon":6.66831},{"name":"Ependes","country":"CH","lat":46.75368,"lon":7.14609},{"name":"Eriswil","country":"CH","lat":47.07816,"lon":7.85149},{"name":"Erlach","country":"CH","lat":47.0422,"lon":7.09728},{"name":"Erlen","country":"CH","lat":47.54814,"lon":9.23415},{"name":"Erlenbach","country":"CH","lat":47.30298,"lon":8.59743},{"name":"Erlenbach / links des Dorfbachs oberhalb Bahnlinie","country":"CH","lat":47.2995,"lon":8.60188},{"name":"Erlenbach / rechts des Dorfbachs oberhalb Bahnlinie","country":"CH","lat":47.30658,"lon":8.60271},{"name":"Erlenbach im Simmental","country":"CH","lat":46.66021,"lon":7.55445},{"name":"Erlinsbach","country":"CH","lat":47.39753,"lon":8.00797},{"name":"Ermatingen","country":"CH","lat":47.67057,"lon":9.08573},{"name":"Ersigen","country":"CH","lat":47.09368,"lon":7.59507},{"name":"Erstfeld","country":"CH","lat":46.81885,"lon":8.65052},{"name":"Eschenbach","country":"CH","lat":47.23981,"lon":8.92156},{"name":"Eschenz","country":"CH","lat":47.64793,"lon":8.87472},{"name":"Eschlikon","country":"CH","lat":47.46361,"lon":8.96381},{"name":"Escholzmatt","country":"CH","lat":46.9135,"lon":7.93426},{"name":"Esslingen","country":"CH","lat":47.28325,"lon":8.71038},{"name":"Estavayer-le-Lac","country":"CH","lat":46.84876,"lon":6.8465},{"name":"Ettingen","country":"CH","lat":47.48225,"lon":7.54654},{"name":"Ettiswil","country":"CH","lat":47.15031,"lon":8.01759},{"name":"Evilard","country":"CH","lat":47.15046,"lon":7.23895},{"name":"Evionnaz","country":"CH","lat":46.18096,"lon":7.02232},{"name":"Evolène","country":"CH","lat":46.11422,"lon":7.49407},{"name":"Faido","country":"CH","lat":46.477,"lon":8.80125},{"name":"Fällanden","country":"CH","lat":47.37169,"lon":8.63869},{"name":"Fehraltorf","country":"CH","lat":47.38775,"lon":8.75149},{"name":"Feldmeilen","country":"CH","lat":47.27873,"lon":8.62165},{"name":"Felsberg","country":"CH","lat":46.84566,"lon":9.47588},{"name":"Ferenbalm","country":"CH","lat":46.9488,"lon":7.21124},{"name":"Ferreyres","country":"CH","lat":46.65804,"lon":6.4852},{"name":"Feuerthalen","country":"CH","lat":47.69054,"lon":8.64357},{"name":"Feusisberg","country":"CH","lat":47.18707,"lon":8.74724},{"name":"Fiesch","country":"CH","lat":46.39981,"lon":8.13533},{"name":"Fischingen","country":"CH","lat":47.41422,"lon":8.96862},{"name":"Flamatt","country":"CH","lat":46.88994,"lon":7.32204},{"name":"Flawil","country":"CH","lat":47.41301,"lon":9.18324},{"name":"Fleurier","country":"CH","lat":46.90224,"lon":6.58253},{"name":"Flims","country":"CH","lat":46.83705,"lon":9.28458},{"name":"Flüelen","country":"CH","lat":46.90478,"lon":8.62396},{"name":"Flühli","country":"CH","lat":46.88391,"lon":8.01558},{"name":"Flums","country":"CH","lat":47.09058,"lon":9.34301},{"name":"Flurlingen","country":"CH","lat":47.6839,"lon":8.62995},{"name":"Fontainemelon","country":"CH","lat":47.05495,"lon":6.8868},{"name":"Fontenais","country":"CH","lat":47.40292,"lon":7.08108},{"name":"Founex","country":"CH","lat":46.33277,"lon":6.19243},{"name":"Fraubrunnen","country":"CH","lat":47.0862,"lon":7.52727},{"name":"Frauenfeld","country":"CH","lat":47.55776,"lon":8.89893},{"name":"Frauenkappelen","country":"CH","lat":46.95425,"lon":7.33835},{"name":"Freienbach","country":"CH","lat":47.20534,"lon":8.75842},{"name":"Freienstein","country":"CH","lat":47.53307,"lon":8.58455},{"name":"Frenkendorf","country":"CH","lat":47.50686,"lon":7.71648},{"name":"Fribourg","country":"CH","lat":46.80237,"lon":7.15128},{"name":"Frick","country":"CH","lat":47.51169,"lon":8.02471},{"name":"Froideville","country":"CH","lat":46.60123,"lon":6.68085},{"name":"Frutigen","country":"CH","lat":46.58723,"lon":7.64945},{"name":"Fulenbach","country":"CH","lat":47.27103,"lon":7.83136},{"name":"Füllinsdorf","country":"CH","lat":47.50688,"lon":7.73129},{"name":"Fully","country":"CH","lat":46.13851,"lon":7.11468},{"name":"Gachnang","country":"CH","lat":47.53935,"lon":8.85311},{"name":"Gais","country":"CH","lat":47.3615,"lon":9.45356},{"name":"Gampel","country":"CH","lat":46.31599,"lon":7.7421},{"name":"Gams","country":"CH","lat":47.20429,"lon":9.44172},{"name":"Gansingen","country":"CH","lat":47.5429,"lon":8.13516},{"name":"Ganterschwil","country":"CH","lat":47.38103,"lon":9.09239},{"name":"Gattikon","country":"CH","lat":47.28439,"lon":8.5483},{"name":"Gebenstorf","country":"CH","lat":47.48136,"lon":8.23949},{"name":"Gelterkinden","country":"CH","lat":47.46497,"lon":7.85174},{"name":"Genève","country":"CH","lat":46.20222,"lon":6.14569},{"name":"Genolier","country":"CH","lat":46.43537,"lon":6.21809},{"name":"Gerlafingen","country":"CH","lat":47.17087,"lon":7.57249},{"name":"Geroldswil","country":"CH","lat":47.42213,"lon":8.41085},{"name":"Gersau","country":"CH","lat":46.99419,"lon":8.525},{"name":"Geuensee","country":"CH","lat":47.1997,"lon":8.10689},{"name":"Giffers","country":"CH","lat":46.7623,"lon":7.20845},{"name":"Gimel","country":"CH","lat":46.50945,"lon":6.30736},{"name":"Gipf-Oberfrick","country":"CH","lat":47.49875,"lon":8.00497},{"name":"Giswil","country":"CH","lat":46.83333,"lon":8.18065},{"name":"Giubiasco","country":"CH","lat":46.17246,"lon":9.00793},{"name":"Givisiez","country":"CH","lat":46.81201,"lon":7.12639},{"name":"Gland","country":"CH","lat":46.42082,"lon":6.2701},{"name":"Glarus","country":"CH","lat":47.04057,"lon":9.06804},{"name":"Glattbrugg","country":"CH","lat":47.4313,"lon":8.56272},{"name":"Glattbrugg / Rohr/Platten-Balsberg","country":"CH","lat":47.43721,"lon":8.56642},{"name":"Glattbrugg / Wydacker/Bettacker/Lättenwiesen","country":"CH","lat":47.42908,"lon":8.56657},{"name":"Glattfelden","country":"CH","lat":47.55871,"lon":8.50167},{"name":"Glovelier","country":"CH","lat":47.33534,"lon":7.20556},{"name":"Gockhausen","country":"CH","lat":47.38098,"lon":8.59978},{"name":"Goldach","country":"CH","lat":47.47401,"lon":9.46711},{"name":"Goldau","country":"CH","lat":47.04761,"lon":8.54616},{"name":"Goldingen","country":"CH","lat":47.26477,"lon":8.96167},{"name":"Gommiswald","country":"CH","lat":47.23128,"lon":9.02355},{"name":"Gonten","country":"CH","lat":47.32725,"lon":9.34705},{"name":"Gontenschwil","country":"CH","lat":47.27166,"lon":8.14396},{"name":"Gordola","country":"CH","lat":46.18256,"lon":8.86657},{"name":"Gorgier","country":"CH","lat":46.90143,"lon":6.77985},{"name":"Gossau","country":"CH","lat":47.41551,"lon":9.25482},{"name":"Gossau","country":"CH","lat":47.3051,"lon":8.75831},{"name":"Gottlieben","country":"CH","lat":47.6638,"lon":9.13371},{"name":"Grabs","country":"CH","lat":47.18248,"lon":9.44395},{"name":"Grächen","country":"CH","lat":46.19529,"lon":7.83745},{"name":"Grancy","country":"CH","lat":46.59214,"lon":6.46391},{"name":"Grand-Savagnier","country":"CH","lat":47.05101,"lon":6.95489},{"name":"Grandson","country":"CH","lat":46.80946,"lon":6.646},{"name":"Gränichen","country":"CH","lat":47.3593,"lon":8.10243},{"name":"Gravesano","country":"CH","lat":46.04208,"lon":8.91832},{"name":"Greifensee","country":"CH","lat":47.36717,"lon":8.68115},{"name":"Greifensee / Müllerwis / Seilerwis","country":"CH","lat":47.37042,"lon":8.68151},{"name":"Greifensee / Pfisterhölzli","country":"CH","lat":47.3643,"lon":8.68979},{"name":"Grellingen","country":"CH","lat":47.44231,"lon":7.58906},{"name":"Grenchen","country":"CH","lat":47.1921,"lon":7.39586},{"name":"Grimisuat","country":"CH","lat":46.25938,"lon":7.38408},{"name":"Grindelwald","country":"CH","lat":46.62396,"lon":8.03601},{"name":"Grolley","country":"CH","lat":46.8336,"lon":7.07116},{"name":"Grône","country":"CH","lat":46.25288,"lon":7.45947},{"name":"Grossacker/Opfikon","country":"CH","lat":47.42696,"lon":8.57886},{"name":"Grossaffoltern","country":"CH","lat":47.06534,"lon":7.35689},{"name":"Grosswangen","country":"CH","lat":47.1331,"lon":8.05041},{"name":"Grüsch","country":"CH","lat":46.97965,"lon":9.64639},{"name":"Grüt","country":"CH","lat":47.31151,"lon":8.78339},{"name":"Gruyères","country":"CH","lat":46.58338,"lon":7.08207},{"name":"Gryon","country":"CH","lat":46.27377,"lon":7.05975},{"name":"Gstaad","country":"CH","lat":46.47215,"lon":7.28685},{"name":"Guggisberg","country":"CH","lat":46.76756,"lon":7.32946},{"name":"Gunzgen","country":"CH","lat":47.31375,"lon":7.83102},{"name":"Gunzwil","country":"CH","lat":47.21072,"lon":8.17932},{"name":"Gutenswil","country":"CH","lat":47.38387,"lon":8.71763},{"name":"Güttingen","country":"CH","lat":47.60349,"lon":9.28742},{"name":"Haag (Rheintal)","country":"CH","lat":47.20989,"lon":9.48931},{"name":"Hadlikon","country":"CH","lat":47.2875,"lon":8.85719},{"name":"Hägendorf","country":"CH","lat":47.33497,"lon":7.84133},{"name":"Häggenschwil","country":"CH","lat":47.49462,"lon":9.34487},{"name":"Hägglingen","country":"CH","lat":47.38851,"lon":8.25285},{"name":"Hallau","country":"CH","lat":47.69648,"lon":8.45827},{"name":"Hasle","country":"CH","lat":46.97787,"lon":8.05326},{"name":"Haslen","country":"CH","lat":47.36931,"lon":9.36752},{"name":"Hausen","country":"CH","lat":47.46396,"lon":8.20988},{"name":"Hausen am Albis / Hausen (Dorf)","country":"CH","lat":47.24496,"lon":8.53299},{"name":"Hedingen","country":"CH","lat":47.29794,"lon":8.44833},{"name":"Hegnau","country":"CH","lat":47.39227,"lon":8.66988},{"name":"Hegnau / Dammboden-Grindel","country":"CH","lat":47.38713,"lon":8.66657},{"name":"Hegnau / Sunnebüel-Eich","country":"CH","lat":47.39246,"lon":8.6791},{"name":"Heiden","country":"CH","lat":47.44255,"lon":9.53293},{"name":"Heimberg","country":"CH","lat":46.79482,"lon":7.60433},{"name":"Heimiswil","country":"CH","lat":47.06755,"lon":7.66665},{"name":"Heitenried","country":"CH","lat":46.82762,"lon":7.29944},{"name":"Henggart","country":"CH","lat":47.56272,"lon":8.68215},{"name":"Hérémence","country":"CH","lat":46.18032,"lon":7.40477},{"name":"Hergiswil","country":"CH","lat":46.98429,"lon":8.30944},{"name":"Herisau","country":"CH","lat":47.38615,"lon":9.27916},{"name":"Hermiswil","country":"CH","lat":46.83125,"lon":7.47775},{"name":"Herrliberg","country":"CH","lat":47.29064,"lon":8.61464},{"name":"Herzogenbuchsee","country":"CH","lat":47.18795,"lon":7.7062},{"name":"Hettlingen","country":"CH","lat":47.5461,"lon":8.70532},{"name":"Hildisrieden","country":"CH","lat":47.15068,"lon":8.22582},{"name":"Hilterfingen","country":"CH","lat":46.73521,"lon":7.66185},{"name":"Himmelried","country":"CH","lat":47.42136,"lon":7.59985},{"name":"Hindelbank","country":"CH","lat":47.0427,"lon":7.54143},{"name":"Hinteregg","country":"CH","lat":47.30736,"lon":8.68339},{"name":"Hinterrhein","country":"CH","lat":46.53333,"lon":9.2},{"name":"Hinwil","country":"CH","lat":47.29426,"lon":8.84393},{"name":"Hittnau / Hittnau (Dorf)","country":"CH","lat":47.36334,"lon":8.82418},{"name":"Hitzkirch","country":"CH","lat":47.22403,"lon":8.26425},{"name":"Hochdorf","country":"CH","lat":47.16841,"lon":8.29179},{"name":"Hochfelden","country":"CH","lat":47.52262,"lon":8.51564},{"name":"Hochwald","country":"CH","lat":47.45389,"lon":7.64459},{"name":"Hofstetten","country":"CH","lat":47.47778,"lon":8.50646},{"name":"Hohenrain","country":"CH","lat":47.18083,"lon":8.31802},{"name":"Hohentannen","country":"CH","lat":47.50862,"lon":9.225},{"name":"Hölstein","country":"CH","lat":47.4229,"lon":7.77041},{"name":"Hombrechtikon","country":"CH","lat":47.25298,"lon":8.77212},{"name":"Homburg","country":"CH","lat":47.63469,"lon":9.00756},{"name":"Horgen","country":"CH","lat":47.25983,"lon":8.59778},{"name":"Horgen / Allmend","country":"CH","lat":47.24729,"lon":8.6066},{"name":"Horgen / Horgen (Dorfkern)","country":"CH","lat":47.25604,"lon":8.60159},{"name":"Horgen / Oberdorf","country":"CH","lat":47.25837,"lon":8.59013},{"name":"Horgen / Scheller-Stockerstrasse","country":"CH","lat":47.26584,"lon":8.5876},{"name":"Höri","country":"CH","lat":47.50799,"lon":8.51203},{"name":"Horn","country":"CH","lat":47.49425,"lon":9.46246},{"name":"Horw","country":"CH","lat":47.01692,"lon":8.30956},{"name":"Hünenberg","country":"CH","lat":47.17536,"lon":8.42497},{"name":"Huttwil","country":"CH","lat":47.11502,"lon":7.86209},{"name":"Hüttwilen","country":"CH","lat":47.60674,"lon":8.87343},{"name":"Ibach","country":"CH","lat":47.01105,"lon":8.64538},{"name":"Igis","country":"CH","lat":46.94531,"lon":9.57218},{"name":"Ilanz","country":"CH","lat":46.77413,"lon":9.20461},{"name":"Illnau","country":"CH","lat":47.4113,"lon":8.72125},{"name":"Illnau / Unter-Illnau","country":"CH","lat":47.40787,"lon":8.72607},{"name":"Ingenbohl","country":"CH","lat":46.9988,"lon":8.61529},{"name":"Ins","country":"CH","lat":47.00584,"lon":7.10609},{"name":"Interlaken","country":"CH","lat":46.68387,"lon":7.86638},{"name":"Inwil","country":"CH","lat":47.1253,"lon":8.34885},{"name":"Itingen","country":"CH","lat":47.46651,"lon":7.78502},{"name":"Jegenstorf","country":"CH","lat":47.04802,"lon":7.50787},{"name":"Jenaz","country":"CH","lat":46.92892,"lon":9.71275},{"name":"Jona","country":"CH","lat":47.22983,"lon":8.83884},{"name":"Jonen","country":"CH","lat":47.2975,"lon":8.39282},{"name":"Jongny","country":"CH","lat":46.47883,"lon":6.84114},{"name":"Jonschwil","country":"CH","lat":47.42402,"lon":9.08689},{"name":"Jussy","country":"CH","lat":46.2359,"lon":6.26701},{"name":"Kaiseraugst","country":"CH","lat":47.53966,"lon":7.72605},{"name":"Kaisten","country":"CH","lat":47.5416,"lon":8.04337},{"name":"Kallnach","country":"CH","lat":47.02032,"lon":7.23545},{"name":"Kaltbrunn","country":"CH","lat":47.21367,"lon":9.0259},{"name":"Kandersteg","country":"CH","lat":46.49467,"lon":7.67326},{"name":"Känerkinden","country":"CH","lat":47.41188,"lon":7.83716},{"name":"Kappelen","country":"CH","lat":47.06015,"lon":7.2686},{"name":"Kehrsatz","country":"CH","lat":46.91035,"lon":7.47096},{"name":"Kerns","country":"CH","lat":46.90121,"lon":8.27514},{"name":"Kerzers","country":"CH","lat":46.97586,"lon":7.1957},{"name":"Kilchberg","country":"CH","lat":47.32438,"lon":8.54548},{"name":"Kilchberg / Bächler-Stocken","country":"CH","lat":47.32728,"lon":8.53957},{"name":"Kilchberg / Kilchberg (Dorfkern)","country":"CH","lat":47.32012,"lon":8.54306},{"name":"Killwangen","country":"CH","lat":47.43223,"lon":8.35097},{"name":"Kindhausen / Kindhausen (Dorf)","country":"CH","lat":47.40644,"lon":8.68296},{"name":"Kirchberg","country":"CH","lat":47.41159,"lon":9.0402},{"name":"Kirchberg","country":"CH","lat":47.08538,"lon":7.58288},{"name":"Kirchleerau","country":"CH","lat":47.27579,"lon":8.06581},{"name":"Kirchlindach","country":"CH","lat":46.99965,"lon":7.41735},{"name":"Kleinandelfingen","country":"CH","lat":47.60058,"lon":8.68362},{"name":"Kleinbösingen","country":"CH","lat":46.89404,"lon":7.20531},{"name":"Kleinlützel","country":"CH","lat":47.42518,"lon":7.41607},{"name":"Klingnau","country":"CH","lat":47.58361,"lon":8.2488},{"name":"Klosters Serneus","country":"CH","lat":46.88918,"lon":9.83826},{"name":"Kloten","country":"CH","lat":47.45152,"lon":8.58491},{"name":"Kloten / Balsberg","country":"CH","lat":47.44233,"lon":8.57496},{"name":"Kloten / Freienberg (Chanzler-Chlini Chaseren)","country":"CH","lat":47.46584,"lon":8.58145},{"name":"Kloten / Geissberg","country":"CH","lat":47.45424,"lon":8.59066},{"name":"Kloten / Holberg","country":"CH","lat":47.44642,"lon":8.57661},{"name":"Kloten / Horainli","country":"CH","lat":47.45399,"lon":8.58306},{"name":"Kloten / Hostrass","country":"CH","lat":47.45255,"lon":8.59464},{"name":"Kloten / Kloten (Zentrum)","country":"CH","lat":47.45134,"lon":8.58683},{"name":"Kloten / Rütlen","country":"CH","lat":47.44726,"lon":8.58808},{"name":"Kloten / Spitz","country":"CH","lat":47.44455,"lon":8.58724},{"name":"Knonau","country":"CH","lat":47.2235,"lon":8.46197},{"name":"Knutwil","country":"CH","lat":47.19953,"lon":8.07315},{"name":"Koblenz","country":"CH","lat":47.60972,"lon":8.2375},{"name":"Kollbrunn","country":"CH","lat":47.45793,"lon":8.78295},{"name":"Kollbrunn / Kollbrunn (Dorfkern)","country":"CH","lat":47.45748,"lon":8.77413},{"name":"Kölliken","country":"CH","lat":47.33337,"lon":8.02237},{"name":"Köniz","country":"CH","lat":46.92436,"lon":7.41457},{"name":"Konolfingen","country":"CH","lat":46.87909,"lon":7.62013},{"name":"Koppigen","country":"CH","lat":47.13125,"lon":7.60525},{"name":"Krauchthal","country":"CH","lat":47.00964,"lon":7.5664},{"name":"Kreuzlingen","country":"CH","lat":47.65051,"lon":9.17504},{"name":"Kriegstetten","country":"CH","lat":47.17449,"lon":7.59799},{"name":"Kriens","country":"CH","lat":47.0311,"lon":8.28547},{"name":"Krummenau","country":"CH","lat":47.24755,"lon":9.17064},{"name":"Künten","country":"CH","lat":47.38887,"lon":8.33045},{"name":"Küsnacht","country":"CH","lat":47.31805,"lon":8.58401},{"name":"Küsnacht / Dorf","country":"CH","lat":47.31783,"lon":8.58303},{"name":"Küsnacht / Goldbach","country":"CH","lat":47.32729,"lon":8.58077},{"name":"Küsnacht / Heslibach","country":"CH","lat":47.31307,"lon":8.58849},{"name":"Küsnacht / Itschnach","country":"CH","lat":47.32714,"lon":8.60068},{"name":"Küsnacht / Schiedhalden","country":"CH","lat":47.32112,"lon":8.58881},{"name":"Küssnacht","country":"CH","lat":47.08557,"lon":8.44206},{"name":"Küttigen","country":"CH","lat":47.41484,"lon":8.04979},{"name":"L'Abbaye","country":"CH","lat":46.64966,"lon":6.31907},{"name":"La Chaux","country":"CH","lat":46.61714,"lon":6.47223},{"name":"La Chaux-de-Fonds","country":"CH","lat":47.09993,"lon":6.82586},{"name":"La Neuveville","country":"CH","lat":47.06592,"lon":7.09717},{"name":"La Punt Chamues-ch","country":"CH","lat":46.57887,"lon":9.92015},{"name":"La Roche","country":"CH","lat":46.6962,"lon":7.13721},{"name":"La Sarraz","country":"CH","lat":46.65863,"lon":6.51077},{"name":"La Tour-de-Peilz","country":"CH","lat":46.45312,"lon":6.85856},{"name":"La Tour-de-Trême","country":"CH","lat":46.61061,"lon":7.06496},{"name":"Laax","country":"CH","lat":46.80452,"lon":9.25787},{"name":"Lachen","country":"CH","lat":47.19224,"lon":8.85324},{"name":"Lancy","country":"CH","lat":46.18981,"lon":6.11441},{"name":"Landquart","country":"CH","lat":46.95,"lon":9.56667},{"name":"Langenbruck","country":"CH","lat":47.34917,"lon":7.76802},{"name":"Langendorf","country":"CH","lat":47.21974,"lon":7.51469},{"name":"Langenthal","country":"CH","lat":47.21526,"lon":7.79607},{"name":"Langnau","country":"CH","lat":46.93936,"lon":7.78738},{"name":"Langnau / Langnau (Dorf)","country":"CH","lat":47.28643,"lon":8.53627},{"name":"Langnau / Vitaquartier","country":"CH","lat":47.29377,"lon":8.53758},{"name":"Langnau am Albis","country":"CH","lat":47.28885,"lon":8.5411},{"name":"Langrickenbach","country":"CH","lat":47.59353,"lon":9.24727},{"name":"Läufelfingen","country":"CH","lat":47.39457,"lon":7.85578},{"name":"Laufen","country":"CH","lat":47.42193,"lon":7.49946},{"name":"Laufenburg","country":"CH","lat":47.55985,"lon":8.06225},{"name":"Lauffohr (Brugg)","country":"CH","lat":47.50154,"lon":8.23122},{"name":"Laupen","country":"CH","lat":46.90214,"lon":7.23973},{"name":"Laupersdorf","country":"CH","lat":47.3126,"lon":7.65465},{"name":"Lauperswil","country":"CH","lat":46.96564,"lon":7.74214},{"name":"Lausanne","country":"CH","lat":46.516,"lon":6.63282},{"name":"Lausen","country":"CH","lat":47.47139,"lon":7.7603},{"name":"Lauterbrunnen","country":"CH","lat":46.59307,"lon":7.90938},{"name":"Lavertezzo","country":"CH","lat":46.25893,"lon":8.83756},{"name":"Le Chenit","country":"CH","lat":46.60688,"lon":6.23062},{"name":"Le Grand-Saconnex","country":"CH","lat":46.23188,"lon":6.12091},{"name":"Le Landeron","country":"CH","lat":47.05702,"lon":7.07052},{"name":"Le Locle","country":"CH","lat":47.05619,"lon":6.74913},{"name":"Le Mont-sur-Lausanne","country":"CH","lat":46.55815,"lon":6.63145},{"name":"Le Noirmont","country":"CH","lat":47.22464,"lon":6.95784},{"name":"Le Vaud","country":"CH","lat":46.47753,"lon":6.23603},{"name":"Leibstadt","country":"CH","lat":47.5879,"lon":8.17611},{"name":"Lengnau","country":"CH","lat":47.18155,"lon":7.36814},{"name":"Lenk","country":"CH","lat":46.45826,"lon":7.44298},{"name":"Lens","country":"CH","lat":46.28298,"lon":7.44976},{"name":"Lenzburg","country":"CH","lat":47.38853,"lon":8.17503},{"name":"Lenzerheide","country":"CH","lat":46.72215,"lon":9.55905},{"name":"Les Avanchets","country":"CH","lat":46.22168,"lon":6.10814},{"name":"Les Bois","country":"CH","lat":47.17715,"lon":6.90498},{"name":"Les Brenets","country":"CH","lat":47.06774,"lon":6.70478},{"name":"Les Breuleux","country":"CH","lat":47.21099,"lon":7.00792},{"name":"Les Clées","country":"CH","lat":46.7321,"lon":6.46266},{"name":"Les Geneveys-sur-Coffrane","country":"CH","lat":47.01528,"lon":6.8513},{"name":"Les Ponts-de-Martel","country":"CH","lat":46.99735,"lon":6.73059},{"name":"Leuk","country":"CH","lat":46.31736,"lon":7.63412},{"name":"Leukerbad","country":"CH","lat":46.37943,"lon":7.62687},{"name":"Leuzigen","country":"CH","lat":47.17458,"lon":7.45775},{"name":"Leysin","country":"CH","lat":46.34183,"lon":7.01151},{"name":"Leytron","country":"CH","lat":46.1866,"lon":7.2078},{"name":"Lichtensteig","country":"CH","lat":47.32381,"lon":9.08758},{"name":"Liesberg","country":"CH","lat":47.40398,"lon":7.42787},{"name":"Liestal","country":"CH","lat":47.48455,"lon":7.73446},{"name":"Ligornetto","country":"CH","lat":45.86161,"lon":8.95166},{"name":"Linden","country":"CH","lat":46.8469,"lon":7.67831},{"name":"Linthal","country":"CH","lat":46.92127,"lon":8.99799},{"name":"Littau","country":"CH","lat":47.05,"lon":8.26274},{"name":"Locarno","country":"CH","lat":46.17086,"lon":8.79953},{"name":"Lodrino","country":"CH","lat":46.30016,"lon":8.97986},{"name":"Löhningen","country":"CH","lat":47.70121,"lon":8.55236},{"name":"Losone","country":"CH","lat":46.16866,"lon":8.75928},{"name":"Lostorf","country":"CH","lat":47.38372,"lon":7.94655},{"name":"Lotzwil","country":"CH","lat":47.19135,"lon":7.79102},{"name":"Lucens","country":"CH","lat":46.70854,"lon":6.83931},{"name":"Luchsingen","country":"CH","lat":46.9664,"lon":9.03715},{"name":"Lugano","country":"CH","lat":46.01008,"lon":8.96004},{"name":"Lumino","country":"CH","lat":46.2302,"lon":9.0642},{"name":"Lungern","country":"CH","lat":46.78578,"lon":8.15984},{"name":"Luterbach","country":"CH","lat":47.21426,"lon":7.58463},{"name":"Luthern","country":"CH","lat":47.05753,"lon":7.91692},{"name":"Lütisburg","country":"CH","lat":47.39451,"lon":9.08312},{"name":"Lutry","country":"CH","lat":46.50241,"lon":6.68647},{"name":"Lützelflüh","country":"CH","lat":47.00757,"lon":7.69165},{"name":"Luzein","country":"CH","lat":46.91957,"lon":9.7608},{"name":"Luzern","country":"CH","lat":47.05048,"lon":8.30635},{"name":"Lyss","country":"CH","lat":47.0741,"lon":7.30655},{"name":"Lyssach","country":"CH","lat":47.06445,"lon":7.58228},{"name":"Madiswil","country":"CH","lat":47.16463,"lon":7.79858},{"name":"Magadino","country":"CH","lat":46.14892,"lon":8.8561},{"name":"Magden","country":"CH","lat":47.52868,"lon":7.81128},{"name":"Maienfeld","country":"CH","lat":47.00472,"lon":9.53115},{"name":"Malans","country":"CH","lat":46.98096,"lon":9.57527},{"name":"Malleray","country":"CH","lat":47.23839,"lon":7.27286},{"name":"Malters","country":"CH","lat":47.03628,"lon":8.18193},{"name":"Malvaglia","country":"CH","lat":46.40588,"lon":8.9819},{"name":"Männedorf","country":"CH","lat":47.25686,"lon":8.69893},{"name":"Männedorf / Ausserfeld","country":"CH","lat":47.24636,"lon":8.70608},{"name":"Männedorf / Dorfkern","country":"CH","lat":47.25612,"lon":8.69161},{"name":"Marin-Epagnier","country":"CH","lat":47.01017,"lon":6.99941},{"name":"Marly","country":"CH","lat":46.77611,"lon":7.16459},{"name":"Marsens","country":"CH","lat":46.65644,"lon":7.05948},{"name":"Märstetten-Dorf","country":"CH","lat":47.59252,"lon":9.06851},{"name":"Marthalen","country":"CH","lat":47.62913,"lon":8.65326},{"name":"Martigny-Combe","country":"CH","lat":46.07817,"lon":7.05099},{"name":"Martigny-Ville","country":"CH","lat":46.10276,"lon":7.07245},{"name":"Massagno","country":"CH","lat":46.01257,"lon":8.94354},{"name":"Matran","country":"CH","lat":46.78593,"lon":7.09768},{"name":"Matten","country":"CH","lat":46.67833,"lon":7.86889},{"name":"Mattenbach (Kreis 7)","country":"CH","lat":47.48705,"lon":8.74681},{"name":"Mattenbach (Kreis 7) / Deutweg","country":"CH","lat":47.49419,"lon":8.73948},{"name":"Mattenbach (Kreis 7) / Endliker","country":"CH","lat":47.48821,"lon":8.74938},{"name":"Mattenbach (Kreis 7) / Gutschick","country":"CH","lat":47.49104,"lon":8.75258},{"name":"Matzendorf","country":"CH","lat":47.30374,"lon":7.6282},{"name":"Matzingen","country":"CH","lat":47.51957,"lon":8.93365},{"name":"Mauensee","country":"CH","lat":47.16703,"lon":8.06793},{"name":"Mauraz","country":"CH","lat":46.60558,"lon":6.42074},{"name":"Meggen","country":"CH","lat":47.04691,"lon":8.37467},{"name":"Meierskappel","country":"CH","lat":47.1247,"lon":8.44274},{"name":"Meilen","country":"CH","lat":47.27232,"lon":8.64617},{"name":"Meinier","country":"CH","lat":46.24706,"lon":6.23423},{"name":"Meinisberg","country":"CH","lat":47.15965,"lon":7.34801},{"name":"Meiringen","country":"CH","lat":46.72709,"lon":8.1872},{"name":"Meisterschwanden","country":"CH","lat":47.29489,"lon":8.22867},{"name":"Melano","country":"CH","lat":45.92202,"lon":8.98435},{"name":"Melchnau","country":"CH","lat":47.18213,"lon":7.85128},{"name":"Melide","country":"CH","lat":45.95455,"lon":8.94725},{"name":"Mellingen","country":"CH","lat":47.41903,"lon":8.27331},{"name":"Mendrisio","country":"CH","lat":45.87019,"lon":8.9816},{"name":"Menziken","country":"CH","lat":47.23965,"lon":8.18996},{"name":"Menzingen","country":"CH","lat":47.17764,"lon":8.59215},{"name":"Menznau","country":"CH","lat":47.08364,"lon":8.03971},{"name":"Merenschwand","country":"CH","lat":47.25944,"lon":8.37633},{"name":"Merlischachen","country":"CH","lat":47.0662,"lon":8.4054},{"name":"Mesocco","country":"CH","lat":46.3939,"lon":9.23333},{"name":"Messen","country":"CH","lat":47.09155,"lon":7.44528},{"name":"Mettmenstetten","country":"CH","lat":47.24529,"lon":8.46347},{"name":"Meyrin","country":"CH","lat":46.23424,"lon":6.08025},{"name":"Mézières","country":"CH","lat":46.67958,"lon":6.9263},{"name":"Minusio","country":"CH","lat":46.17769,"lon":8.81473},{"name":"Mogelsberg","country":"CH","lat":47.36222,"lon":9.13541},{"name":"Möhlin","country":"CH","lat":47.55915,"lon":7.84329},{"name":"Moiry","country":"CH","lat":46.64914,"lon":6.45335},{"name":"Mollens","country":"CH","lat":46.5776,"lon":6.3632},{"name":"Mollis","country":"CH","lat":47.08878,"lon":9.07242},{"name":"Mönchaltorf","country":"CH","lat":47.30958,"lon":8.72029},{"name":"Mönchaltorf / Dorf","country":"CH","lat":47.30401,"lon":8.72211},{"name":"Montagnola","country":"CH","lat":45.98323,"lon":8.91786},{"name":"Montagny","country":"CH","lat":46.79289,"lon":6.61222},{"name":"Montana","country":"CH","lat":46.31338,"lon":7.48839},{"name":"Monte Carasso","country":"CH","lat":46.18649,"lon":8.99892},{"name":"Monthey","country":"CH","lat":46.25451,"lon":6.95406},{"name":"Montreux","country":"CH","lat":46.43301,"lon":6.91143},{"name":"Morbio Inferiore","country":"CH","lat":45.84915,"lon":9.01907},{"name":"Morges","country":"CH","lat":46.51127,"lon":6.49854},{"name":"Mörschwil","country":"CH","lat":47.47097,"lon":9.42278},{"name":"Mosnang","country":"CH","lat":47.36252,"lon":9.04296},{"name":"Moudon","country":"CH","lat":46.66758,"lon":6.79781},{"name":"Moutier","country":"CH","lat":47.27818,"lon":7.36951},{"name":"Muhen","country":"CH","lat":47.33578,"lon":8.05536},{"name":"Mühleberg","country":"CH","lat":46.95466,"lon":7.26102},{"name":"Mühlehalde","country":"CH","lat":47.28306,"lon":8.53386},{"name":"Mühlethurnen","country":"CH","lat":46.81345,"lon":7.50881},{"name":"Müllheim","country":"CH","lat":47.60195,"lon":9.00357},{"name":"Mumpf","country":"CH","lat":47.54563,"lon":7.92123},{"name":"Münchenbuchsee","country":"CH","lat":47.02175,"lon":7.45036},{"name":"Münchenstein","country":"CH","lat":47.51848,"lon":7.60966},{"name":"Münchenwiler","country":"CH","lat":46.91334,"lon":7.12556},{"name":"Münchwilen","country":"CH","lat":47.47719,"lon":8.99677},{"name":"Münsingen","country":"CH","lat":46.87298,"lon":7.561},{"name":"Münsterlingen","country":"CH","lat":47.63197,"lon":9.23271},{"name":"Müntschemier","country":"CH","lat":46.99548,"lon":7.14626},{"name":"Muolen","country":"CH","lat":47.52102,"lon":9.32484},{"name":"Muotathal","country":"CH","lat":46.97676,"lon":8.76499},{"name":"Muralto","country":"CH","lat":46.17323,"lon":8.80219},{"name":"Murgenthal","country":"CH","lat":47.27145,"lon":7.83935},{"name":"Muri","country":"CH","lat":47.27428,"lon":8.33854},{"name":"Muri","country":"CH","lat":46.93122,"lon":7.48658},{"name":"Murten/Morat","country":"CH","lat":46.92827,"lon":7.11715},{"name":"Muttenz","country":"CH","lat":47.52271,"lon":7.64511},{"name":"Näfels","country":"CH","lat":47.09775,"lon":9.06361},{"name":"Nänikon","country":"CH","lat":47.36975,"lon":8.68894},{"name":"Nänikon / Nänikon (Dorfkern)","country":"CH","lat":47.37099,"lon":8.69254},{"name":"Naters","country":"CH","lat":46.32536,"lon":7.98912},{"name":"Nebikon","country":"CH","lat":47.19185,"lon":7.97769},{"name":"Neerach","country":"CH","lat":47.51096,"lon":8.47099},{"name":"Neftenbach / Dorf Neftenbach","country":"CH","lat":47.52764,"lon":8.6649},{"name":"Netstal","country":"CH","lat":47.06337,"lon":9.05734},{"name":"Neuchâtel","country":"CH","lat":46.99179,"lon":6.931},{"name":"Neudorf","country":"CH","lat":47.17699,"lon":8.20911},{"name":"Neuenhof","country":"CH","lat":47.44985,"lon":8.32682},{"name":"Neuenkirch","country":"CH","lat":47.09989,"lon":8.20416},{"name":"Neuhausen","country":"CH","lat":47.68579,"lon":8.61474},{"name":"Neunkirch","country":"CH","lat":47.69012,"lon":8.49981},{"name":"Nidau","country":"CH","lat":47.12545,"lon":7.24033},{"name":"Niederbipp","country":"CH","lat":47.27175,"lon":7.69583},{"name":"Niederbüren","country":"CH","lat":47.46547,"lon":9.20568},{"name":"Niederglatt","country":"CH","lat":47.49066,"lon":8.49987},{"name":"Niederglatt / Niederglatt (Dorfkern)","country":"CH","lat":47.49065,"lon":8.50048},{"name":"Niedergösgen","country":"CH","lat":47.37157,"lon":7.98837},{"name":"Niederhasli","country":"CH","lat":47.48012,"lon":8.48576},{"name":"Niederhelfenschwil","country":"CH","lat":47.47487,"lon":9.18543},{"name":"Niederlenz","country":"CH","lat":47.40079,"lon":8.1764},{"name":"Niedermuhlern","country":"CH","lat":46.85846,"lon":7.46663},{"name":"Niederrohrdorf","country":"CH","lat":47.42409,"lon":8.30404},{"name":"Niederurnen","country":"CH","lat":47.12598,"lon":9.05428},{"name":"Nottwil","country":"CH","lat":47.13469,"lon":8.13774},{"name":"Novazzano","country":"CH","lat":45.84073,"lon":8.98236},{"name":"Nunningen","country":"CH","lat":47.3941,"lon":7.61951},{"name":"Nürensdorf","country":"CH","lat":47.44814,"lon":8.64908},{"name":"Nyon","country":"CH","lat":46.38318,"lon":6.23955},{"name":"Oberbipp","country":"CH","lat":47.2607,"lon":7.66359},{"name":"Oberbuchsiten","country":"CH","lat":47.31334,"lon":7.76836},{"name":"Oberburg","country":"CH","lat":47.03665,"lon":7.62745},{"name":"Oberdiessbach","country":"CH","lat":46.84117,"lon":7.6173},{"name":"Oberdorf","country":"CH","lat":47.39353,"lon":7.75169},{"name":"Oberegg","country":"CH","lat":47.42531,"lon":9.55134},{"name":"Oberengstringen","country":"CH","lat":47.40841,"lon":8.46515},{"name":"Oberengstringen / Rauchacher","country":"CH","lat":47.40919,"lon":8.45627},{"name":"Oberengstringen / Sonnenberg","country":"CH","lat":47.41211,"lon":8.46055},{"name":"Oberengstringen / Zentrum","country":"CH","lat":47.40711,"lon":8.46276},{"name":"Oberentfelden","country":"CH","lat":47.35639,"lon":8.04594},{"name":"Oberglatt","country":"CH","lat":47.47576,"lon":8.51896},{"name":"Oberglatt / Bahnhofquartier","country":"CH","lat":47.47143,"lon":8.51289},{"name":"Oberglatt / Oberglatt (Dorfkern)","country":"CH","lat":47.47596,"lon":8.51929},{"name":"Obergösgen","country":"CH","lat":47.36538,"lon":7.95173},{"name":"Oberhelfenschwil","country":"CH","lat":47.35673,"lon":9.11076},{"name":"Oberhof","country":"CH","lat":47.44874,"lon":8.00273},{"name":"Oberhünigen","country":"CH","lat":46.88049,"lon":7.65696},{"name":"Oberkirch","country":"CH","lat":47.15642,"lon":8.11567},{"name":"Oberkulm","country":"CH","lat":47.29908,"lon":8.12242},{"name":"Oberlunkhofen","country":"CH","lat":47.31244,"lon":8.39242},{"name":"Obermeilen","country":"CH","lat":47.26574,"lon":8.65567},{"name":"Oberrieden","country":"CH","lat":47.27444,"lon":8.57838},{"name":"Oberrieden / Berg","country":"CH","lat":47.27628,"lon":8.57257},{"name":"Oberrieden / Mitte","country":"CH","lat":47.27242,"lon":8.58021},{"name":"Oberriet","country":"CH","lat":47.32088,"lon":9.56808},{"name":"Oberrohrdorf","country":"CH","lat":47.41833,"lon":8.31983},{"name":"Oberrüti","country":"CH","lat":47.16673,"lon":8.39441},{"name":"Oberschrot","country":"CH","lat":46.74126,"lon":7.28149},{"name":"Obersiggenthal","country":"CH","lat":47.4875,"lon":8.29652},{"name":"Oberurnen","country":"CH","lat":47.11412,"lon":9.05866},{"name":"Oberuzwil","country":"CH","lat":47.43076,"lon":9.12724},{"name":"Oberwil","country":"CH","lat":47.51407,"lon":7.55786},{"name":"Oberwinterthur (Kreis 2)","country":"CH","lat":47.51692,"lon":8.76863},{"name":"Oberwinterthur (Kreis 2) / Guggenbühl","country":"CH","lat":47.51339,"lon":8.75998},{"name":"Oberwinterthur (Kreis 2) / Hegi","country":"CH","lat":47.50716,"lon":8.77057},{"name":"Oberwinterthur (Kreis 2) / Talacker","country":"CH","lat":47.50596,"lon":8.7515},{"name":"Oberwinterthur (Kreis 2) / Zinzikon","country":"CH","lat":47.5195,"lon":8.7564},{"name":"Obfelden","country":"CH","lat":47.26413,"lon":8.4215},{"name":"Obfelden / Oberlunnern","country":"CH","lat":47.26197,"lon":8.41588},{"name":"Obfelden / Toussen","country":"CH","lat":47.26574,"lon":8.43013},{"name":"Oensingen","country":"CH","lat":47.28764,"lon":7.71612},{"name":"Oetwil","country":"CH","lat":47.27049,"lon":8.72023},{"name":"Oftringen","country":"CH","lat":47.31382,"lon":7.92533},{"name":"Ollon","country":"CH","lat":46.29524,"lon":6.99314},{"name":"Olten","country":"CH","lat":47.34999,"lon":7.90329},{"name":"Onex","country":"CH","lat":46.18396,"lon":6.10237},{"name":"Opfikon","country":"CH","lat":47.43169,"lon":8.57588},{"name":"Orbe","country":"CH","lat":46.72504,"lon":6.53069},{"name":"Ormalingen","country":"CH","lat":47.46936,"lon":7.87248},{"name":"Orny","country":"CH","lat":46.66758,"lon":6.52639},{"name":"Oron-la-Ville","country":"CH","lat":46.57094,"lon":6.82557},{"name":"Orpund","country":"CH","lat":47.13891,"lon":7.30775},{"name":"Orsières","country":"CH","lat":46.02903,"lon":7.14437},{"name":"Orvin","country":"CH","lat":47.16068,"lon":7.21368},{"name":"Ostermundigen","country":"CH","lat":46.95694,"lon":7.49019},{"name":"Otelfingen","country":"CH","lat":47.46053,"lon":8.39141},{"name":"Othmarsingen","country":"CH","lat":47.40125,"lon":8.21383},{"name":"Ottenbach","country":"CH","lat":47.28228,"lon":8.40432},{"name":"Pailly","country":"CH","lat":46.70123,"lon":6.6754},{"name":"Palézieux","country":"CH","lat":46.54191,"lon":6.83989},{"name":"Pampigny","country":"CH","lat":46.58093,"lon":6.42941},{"name":"Paudex","country":"CH","lat":46.50548,"lon":6.66819},{"name":"Payerne","country":"CH","lat":46.82192,"lon":6.93817},{"name":"Penthalaz","country":"CH","lat":46.61077,"lon":6.52519},{"name":"Penthéréaz","country":"CH","lat":46.68171,"lon":6.6039},{"name":"Perroy","country":"CH","lat":46.4669,"lon":6.35349},{"name":"Péry","country":"CH","lat":47.19398,"lon":7.24913},{"name":"Peseux","country":"CH","lat":46.98704,"lon":6.88903},{"name":"Pfaffhausen","country":"CH","lat":47.36476,"lon":8.62375},{"name":"Pfäffikon","country":"CH","lat":47.36453,"lon":8.79202},{"name":"Pfäffikon","country":"CH","lat":47.20109,"lon":8.77816},{"name":"Pfäffikon / Irgenhausen","country":"CH","lat":47.3624,"lon":8.79265},{"name":"Pfäffikon / Pfäffikon (Dorfkern)","country":"CH","lat":47.36943,"lon":8.78309},{"name":"Pfaffnau","country":"CH","lat":47.22772,"lon":7.89719},{"name":"Pfeffingen","country":"CH","lat":47.45984,"lon":7.58975},{"name":"Pfungen","country":"CH","lat":47.51394,"lon":8.6423},{"name":"Pfyn","country":"CH","lat":47.59693,"lon":8.9542},{"name":"Pieterlen","country":"CH","lat":47.17501,"lon":7.33791},{"name":"Plaffeien","country":"CH","lat":46.74198,"lon":7.28666},{"name":"Plan-les-Ouates","country":"CH","lat":46.16789,"lon":6.11664},{"name":"Pompaples","country":"CH","lat":46.66699,"lon":6.50966},{"name":"Pont-la-Ville","country":"CH","lat":46.69793,"lon":7.11094},{"name":"Pontresina","country":"CH","lat":46.4955,"lon":9.90126},{"name":"Porrentruy","country":"CH","lat":47.41728,"lon":7.07573},{"name":"Poschiavo","country":"CH","lat":46.32441,"lon":10.05823},{"name":"Prangins","country":"CH","lat":46.39518,"lon":6.2496},{"name":"Praroman","country":"CH","lat":46.75145,"lon":7.17778},{"name":"Pratteln","country":"CH","lat":47.52071,"lon":7.69356},{"name":"Pregassona","country":"CH","lat":46.02021,"lon":8.97429},{"name":"Préverenges","country":"CH","lat":46.51854,"lon":6.52682},{"name":"Prilly","country":"CH","lat":46.53698,"lon":6.60456},{"name":"Promontogno","country":"CH","lat":46.33939,"lon":9.55759},{"name":"Puidoux","country":"CH","lat":46.50093,"lon":6.78249},{"name":"Pully","country":"CH","lat":46.51027,"lon":6.66183},{"name":"Puplinge","country":"CH","lat":46.21043,"lon":6.23114},{"name":"Pura","country":"CH","lat":45.98647,"lon":8.86877},{"name":"Quarten","country":"CH","lat":47.107,"lon":9.24199},{"name":"Radelfingen","country":"CH","lat":47.02146,"lon":7.27178},{"name":"Rafz","country":"CH","lat":47.60438,"lon":8.54305},{"name":"Ramsen","country":"CH","lat":47.70797,"lon":8.80949},{"name":"Randogne","country":"CH","lat":46.30952,"lon":7.50058},{"name":"Rapperswil","country":"CH","lat":47.22557,"lon":8.82228},{"name":"Raron","country":"CH","lat":46.31196,"lon":7.80029},{"name":"Rebstein","country":"CH","lat":47.39812,"lon":9.58503},{"name":"Rechthalten","country":"CH","lat":46.76766,"lon":7.24028},{"name":"Reconvilier","country":"CH","lat":47.23431,"lon":7.22239},{"name":"Regensdorf","country":"CH","lat":47.4341,"lon":8.46874},{"name":"Regensdorf / Feldblumen-Riedthofstrasse","country":"CH","lat":47.43618,"lon":8.46659},{"name":"Regensdorf / Hofacher-Geeren","country":"CH","lat":47.43525,"lon":8.4624},{"name":"Regensdorf / Obstgarten","country":"CH","lat":47.42772,"lon":8.46566},{"name":"Rehetobel","country":"CH","lat":47.42611,"lon":9.483},{"name":"Reichenburg","country":"CH","lat":47.17097,"lon":8.97704},{"name":"Reiden","country":"CH","lat":47.24719,"lon":7.97135},{"name":"Reigoldswil","country":"CH","lat":47.39824,"lon":7.68718},{"name":"Reinach","country":"CH","lat":47.25732,"lon":8.18091},{"name":"Renens","country":"CH","lat":46.53989,"lon":6.5881},{"name":"Rhäzüns","country":"CH","lat":46.79891,"lon":9.39764},{"name":"Rheineck","country":"CH","lat":47.4663,"lon":9.59028},{"name":"Rheinfelden","country":"CH","lat":47.55437,"lon":7.79403},{"name":"Riaz","country":"CH","lat":46.64224,"lon":7.06183},{"name":"Richterswil","country":"CH","lat":47.20622,"lon":8.69686},{"name":"Richterswil / Burghalde","country":"CH","lat":47.20973,"lon":8.69133},{"name":"Richterswil / Dorfkern","country":"CH","lat":47.20715,"lon":8.70607},{"name":"Richterswil / Richterswil (Dorfkern)","country":"CH","lat":47.20323,"lon":8.70516},{"name":"Rickenbach bei Wil","country":"CH","lat":47.44856,"lon":9.04902},{"name":"Riddes","country":"CH","lat":46.17276,"lon":7.2236},{"name":"Riedholz","country":"CH","lat":47.23158,"lon":7.56829},{"name":"Riehen","country":"CH","lat":47.57884,"lon":7.64683},{"name":"Riggisberg","country":"CH","lat":46.81028,"lon":7.48014},{"name":"Ringgenberg","country":"CH","lat":46.70114,"lon":7.89445},{"name":"Riva San Vitale","country":"CH","lat":45.90123,"lon":8.97167},{"name":"Riviera","country":"CH","lat":46.13085,"lon":8.71715},{"name":"Rochefort","country":"CH","lat":46.97768,"lon":6.80835},{"name":"Rodersdorf","country":"CH","lat":47.48082,"lon":7.45767},{"name":"Roggwil","country":"CH","lat":47.49981,"lon":9.3958},{"name":"Roggwil","country":"CH","lat":47.24119,"lon":7.82141},{"name":"Rohr","country":"CH","lat":47.41029,"lon":7.95333},{"name":"Rohrbach","country":"CH","lat":47.13521,"lon":7.81334},{"name":"Rolle","country":"CH","lat":46.4582,"lon":6.33499},{"name":"Romanel-sur-Lausanne","country":"CH","lat":46.56403,"lon":6.60538},{"name":"Romanshorn","country":"CH","lat":47.56586,"lon":9.37869},{"name":"Römerswil","country":"CH","lat":47.16881,"lon":8.24528},{"name":"Romont","country":"CH","lat":46.69652,"lon":6.91898},{"name":"Root","country":"CH","lat":47.11458,"lon":8.39021},{"name":"Rorbas","country":"CH","lat":47.53092,"lon":8.57555},{"name":"Rorschach","country":"CH","lat":47.478,"lon":9.4903},{"name":"Röschenz","country":"CH","lat":47.42366,"lon":7.48024},{"name":"Rothenthurm","country":"CH","lat":47.1042,"lon":8.67585},{"name":"Rothrist","country":"CH","lat":47.30508,"lon":7.89196},{"name":"Rotkreuz","country":"CH","lat":47.14283,"lon":8.4314},{"name":"Rottenschwil","country":"CH","lat":47.31375,"lon":8.36137},{"name":"Rubigen","country":"CH","lat":46.89868,"lon":7.5446},{"name":"Rüderswil","country":"CH","lat":46.98374,"lon":7.72167},{"name":"Rudolfstetten","country":"CH","lat":47.37101,"lon":8.38083},{"name":"Rue","country":"CH","lat":46.61916,"lon":6.82225},{"name":"Rüeggisberg","country":"CH","lat":46.82216,"lon":7.4389},{"name":"Rüegsau","country":"CH","lat":47.02483,"lon":7.67395},{"name":"Rueyres","country":"CH","lat":46.69337,"lon":6.69213},{"name":"Rümlang","country":"CH","lat":47.45041,"lon":8.52993},{"name":"Rümlang / Rümlang (Dorfkern)","country":"CH","lat":47.4494,"lon":8.53255},{"name":"Rümligen","country":"CH","lat":46.82975,"lon":7.49542},{"name":"Rupperswil","country":"CH","lat":47.40131,"lon":8.12877},{"name":"Rüschegg","country":"CH","lat":46.77977,"lon":7.39167},{"name":"Rüschlikon","country":"CH","lat":47.30688,"lon":8.55135},{"name":"Russikon","country":"CH","lat":47.39669,"lon":8.77515},{"name":"Ruswil","country":"CH","lat":47.08425,"lon":8.12645},{"name":"Rüthi","country":"CH","lat":47.2948,"lon":9.53857},{"name":"Rüti","country":"CH","lat":47.25603,"lon":8.85552},{"name":"Rüti / Dorfzentrum, Südl. Teil","country":"CH","lat":47.25368,"lon":8.85654},{"name":"Rüti / Oberdorf","country":"CH","lat":47.25894,"lon":8.86512},{"name":"Rüti / Westlicher Dorfteil","country":"CH","lat":47.25548,"lon":8.8449},{"name":"Rüti bei Lyssach","country":"CH","lat":47.05684,"lon":7.57679},{"name":"Saanen","country":"CH","lat":46.48945,"lon":7.26003},{"name":"Saas-Fee","country":"CH","lat":46.10805,"lon":7.92741},{"name":"Saas-Grund","country":"CH","lat":46.12281,"lon":7.93651},{"name":"Sachseln","country":"CH","lat":46.86718,"lon":8.23344},{"name":"Safenwil","country":"CH","lat":47.32163,"lon":7.98254},{"name":"Saignelégier","country":"CH","lat":47.25619,"lon":6.99648},{"name":"Saillon","country":"CH","lat":46.17035,"lon":7.18771},{"name":"Saint Saphorin","country":"CH","lat":46.47329,"lon":6.79601},{"name":"Saint-Aubin-Sauges","country":"CH","lat":46.89419,"lon":6.77251},{"name":"Saint-Blaise","country":"CH","lat":47.01511,"lon":6.98832},{"name":"Saint-Cergue","country":"CH","lat":46.4459,"lon":6.15737},{"name":"Saint-George","country":"CH","lat":46.51428,"lon":6.2598},{"name":"Saint-Imier","country":"CH","lat":47.15284,"lon":6.99692},{"name":"Saint-Léonard","country":"CH","lat":46.25152,"lon":7.41714},{"name":"Saint-Livres","country":"CH","lat":46.50794,"lon":6.38753},{"name":"Saint-Maurice","country":"CH","lat":46.21826,"lon":7.0032},{"name":"Saint-Prex","country":"CH","lat":46.47963,"lon":6.45992},{"name":"Sainte-Croix","country":"CH","lat":46.82203,"lon":6.50283},{"name":"Sâles","country":"CH","lat":46.63473,"lon":6.97336},{"name":"Salgesch","country":"CH","lat":46.31155,"lon":7.5712},{"name":"Salmsach","country":"CH","lat":47.55433,"lon":9.37229},{"name":"Salvan","country":"CH","lat":46.1189,"lon":7.02078},{"name":"Samedan","country":"CH","lat":46.53399,"lon":9.87276},{"name":"Samstagern","country":"CH","lat":47.19167,"lon":8.68196},{"name":"Sankt Antoni","country":"CH","lat":46.82207,"lon":7.26091},{"name":"Sankt Gallen","country":"CH","lat":47.42391,"lon":9.37477},{"name":"Sankt Gallenkappel","country":"CH","lat":47.24368,"lon":8.96438},{"name":"Sankt Margrethen","country":"CH","lat":47.45253,"lon":9.63741},{"name":"Sankt Niklaus","country":"CH","lat":46.17717,"lon":7.80349},{"name":"Sankt Peterzell","country":"CH","lat":47.31782,"lon":9.17599},{"name":"Sankt Stephan","country":"CH","lat":46.50827,"lon":7.39559},{"name":"Santa Maria in Calanca","country":"CH","lat":46.26285,"lon":9.14485},{"name":"Sargans","country":"CH","lat":47.04896,"lon":9.44103},{"name":"Sarmenstorf","country":"CH","lat":47.31109,"lon":8.2495},{"name":"Sarnen","country":"CH","lat":46.89611,"lon":8.24531},{"name":"Satigny","country":"CH","lat":46.21462,"lon":6.03553},{"name":"Sattel","country":"CH","lat":47.08246,"lon":8.63565},{"name":"Saubraz","country":"CH","lat":46.51606,"lon":6.33018},{"name":"Savièse","country":"CH","lat":46.25115,"lon":7.34558},{"name":"Savigny","country":"CH","lat":46.53844,"lon":6.73222},{"name":"Savosa","country":"CH","lat":46.01902,"lon":8.94236},{"name":"Saxon","country":"CH","lat":46.14937,"lon":7.17514},{"name":"Schachen","country":"CH","lat":47.32419,"lon":8.47251},{"name":"Schaffhausen","country":"CH","lat":47.69732,"lon":8.63493},{"name":"Schafisheim","country":"CH","lat":47.37664,"lon":8.14263},{"name":"Schänis","country":"CH","lat":47.15995,"lon":9.04549},{"name":"Scharans","country":"CH","lat":46.71814,"lon":9.45903},{"name":"Schattdorf","country":"CH","lat":46.8655,"lon":8.65465},{"name":"Schenkon","country":"CH","lat":47.17765,"lon":8.13204},{"name":"Schiers","country":"CH","lat":46.96973,"lon":9.6872},{"name":"Schindellegi","country":"CH","lat":47.1746,"lon":8.71345},{"name":"Schinznach Bad","country":"CH","lat":47.44992,"lon":8.16833},{"name":"Schinznach Dorf","country":"CH","lat":47.4465,"lon":8.14089},{"name":"Schleitheim","country":"CH","lat":47.74818,"lon":8.48213},{"name":"Schlieren","country":"CH","lat":47.39668,"lon":8.44763},{"name":"Schlieren / Boden","country":"CH","lat":47.39721,"lon":8.45734},{"name":"Schlieren / Engstringerquartier","country":"CH","lat":47.40338,"lon":8.44352},{"name":"Schlieren / Freiestrasse","country":"CH","lat":47.39598,"lon":8.44202},{"name":"Schlieren / Kamp","country":"CH","lat":47.39358,"lon":8.44453},{"name":"Schlieren / Spital","country":"CH","lat":47.39489,"lon":8.43027},{"name":"Schlieren / Zentrum","country":"CH","lat":47.39779,"lon":8.4477},{"name":"Schmerikon","country":"CH","lat":47.22538,"lon":8.94836},{"name":"Schmitten","country":"CH","lat":46.8575,"lon":7.25031},{"name":"Schöftland","country":"CH","lat":47.3059,"lon":8.05119},{"name":"Schönenbuch","country":"CH","lat":47.53853,"lon":7.50572},{"name":"Schönenwerd","country":"CH","lat":47.3691,"lon":8.00167},{"name":"Schötz","country":"CH","lat":47.16896,"lon":7.9887},{"name":"Schübelbach","country":"CH","lat":47.17326,"lon":8.92811},{"name":"Schüpfen","country":"CH","lat":47.03661,"lon":7.37723},{"name":"Schüpfheim","country":"CH","lat":46.95161,"lon":8.01723},{"name":"Schwaderloch","country":"CH","lat":47.58541,"lon":8.14455},{"name":"Schwanden","country":"CH","lat":46.99541,"lon":9.0701},{"name":"Schwarzenberg","country":"CH","lat":47.01705,"lon":8.17261},{"name":"Schwellbrunn","country":"CH","lat":47.35255,"lon":9.24894},{"name":"Schwerzenbach","country":"CH","lat":47.38213,"lon":8.65727},{"name":"Schwerzenbach / Blatten","country":"CH","lat":47.38308,"lon":8.64954},{"name":"Schwerzenbach / Chimli","country":"CH","lat":47.38592,"lon":8.65888},{"name":"Schwyz","country":"CH","lat":47.02076,"lon":8.65414},{"name":"Scuol","country":"CH","lat":46.79671,"lon":10.29804},{"name":"Seeberg","country":"CH","lat":47.15585,"lon":7.66567},{"name":"Seedorf","country":"CH","lat":47.03445,"lon":7.31249},{"name":"Seedorf","country":"CH","lat":46.88199,"lon":8.61611},{"name":"Seen (Kreis 3)","country":"CH","lat":47.47646,"lon":8.76996},{"name":"Seen (Kreis 3) / Büelwiesen","country":"CH","lat":47.48446,"lon":8.76517},{"name":"Seen (Kreis 3) / Ganzenbühl","country":"CH","lat":47.481,"lon":8.76249},{"name":"Seen (Kreis 3) / Oberseen","country":"CH","lat":47.48205,"lon":8.77289},{"name":"Seen (Kreis 3) / Waldegg","country":"CH","lat":47.48393,"lon":8.75586},{"name":"Seen (Kreis 3) / Waser","country":"CH","lat":47.48913,"lon":8.76034},{"name":"Seengen","country":"CH","lat":47.32503,"lon":8.20724},{"name":"Seftigen","country":"CH","lat":46.78765,"lon":7.53937},{"name":"Seglingen","country":"CH","lat":47.57244,"lon":8.52093},{"name":"Sellenbüren","country":"CH","lat":47.34361,"lon":8.48301},{"name":"Seltisberg","country":"CH","lat":47.46249,"lon":7.72039},{"name":"Selzach","country":"CH","lat":47.20531,"lon":7.45521},{"name":"Sementina","country":"CH","lat":46.18363,"lon":8.99162},{"name":"Sempach","country":"CH","lat":47.13577,"lon":8.19149},{"name":"Sennwald","country":"CH","lat":47.26063,"lon":9.50268},{"name":"Seon","country":"CH","lat":47.34848,"lon":8.16072},{"name":"Servion","country":"CH","lat":46.57096,"lon":6.77835},{"name":"Seuzach / Seuzach (Dorf)","country":"CH","lat":47.53545,"lon":8.73728},{"name":"Seuzach Dorf","country":"CH","lat":47.5356,"lon":8.73209},{"name":"Seuzach Dorf / Breite-Weid","country":"CH","lat":47.53345,"lon":8.73415},{"name":"Sevelen","country":"CH","lat":47.12213,"lon":9.48601},{"name":"Siebnen","country":"CH","lat":47.17449,"lon":8.89781},{"name":"Sierre","country":"CH","lat":46.29192,"lon":7.53559},{"name":"Signau","country":"CH","lat":46.91944,"lon":7.72418},{"name":"Sigriswil","country":"CH","lat":46.71656,"lon":7.71335},{"name":"Silenen","country":"CH","lat":46.7891,"lon":8.67325},{"name":"Silvaplana","country":"CH","lat":46.4581,"lon":9.79514},{"name":"Sins","country":"CH","lat":47.19296,"lon":8.39384},{"name":"Sirnach","country":"CH","lat":47.46222,"lon":8.99763},{"name":"Sissach","country":"CH","lat":47.46408,"lon":7.80888},{"name":"Sitten","country":"CH","lat":46.22739,"lon":7.35559},{"name":"Solothurn","country":"CH","lat":47.20791,"lon":7.53714},{"name":"Sonnhalde","country":"CH","lat":47.45329,"lon":8.46091},{"name":"Sorengo","country":"CH","lat":45.99766,"lon":8.93783},{"name":"Sottens","country":"CH","lat":46.65521,"lon":6.74197},{"name":"Speicher","country":"CH","lat":47.4109,"lon":9.44335},{"name":"Spiez","country":"CH","lat":46.68473,"lon":7.69111},{"name":"Spreitenbach","country":"CH","lat":47.42285,"lon":8.36792},{"name":"St-Légier-La Chiésaz","country":"CH","lat":46.47227,"lon":6.87366},{"name":"St. Moritz","country":"CH","lat":46.49937,"lon":9.84327},{"name":"Stabio","country":"CH","lat":45.84846,"lon":8.93642},{"name":"Stadt Winterthur (Kreis 1)","country":"CH","lat":47.49494,"lon":8.71954},{"name":"Stadt Winterthur (Kreis 1) / Altstadt","country":"CH","lat":47.49951,"lon":8.72872},{"name":"Stadt Winterthur (Kreis 1) / Brühlberg","country":"CH","lat":47.49764,"lon":8.71272},{"name":"Stadt Winterthur (Kreis 1) / Heiligberg","country":"CH","lat":47.49409,"lon":8.72334},{"name":"Stadt Winterthur (Kreis 1) / Lind","country":"CH","lat":47.50571,"lon":8.73372},{"name":"Stadt Winterthur (Kreis 1) / Neuwiesen","country":"CH","lat":47.50207,"lon":8.71625},{"name":"Stadt Winterthur (Kreis 1) / Tössfeld","country":"CH","lat":47.4934,"lon":8.71512},{"name":"Stäfa","country":"CH","lat":47.24254,"lon":8.72342},{"name":"Staffelbach","country":"CH","lat":47.28395,"lon":8.04208},{"name":"Stalden","country":"CH","lat":46.23341,"lon":7.87273},{"name":"Stans","country":"CH","lat":46.95805,"lon":8.36609},{"name":"Stansstad","country":"CH","lat":46.9768,"lon":8.33553},{"name":"Staufen","country":"CH","lat":47.38197,"lon":8.16681},{"name":"Steckborn","country":"CH","lat":47.66667,"lon":8.98333},{"name":"Steffisburg","country":"CH","lat":46.77807,"lon":7.63249},{"name":"Stein","country":"CH","lat":47.54403,"lon":7.95256},{"name":"Stein am Rhein","country":"CH","lat":47.65933,"lon":8.85964},{"name":"Steinen","country":"CH","lat":47.04975,"lon":8.61214},{"name":"Steinhausen","country":"CH","lat":47.1951,"lon":8.48581},{"name":"Steinmaur","country":"CH","lat":47.4971,"lon":8.45216},{"name":"Stetten","country":"CH","lat":47.74025,"lon":8.66298},{"name":"Stettfurt","country":"CH","lat":47.52588,"lon":8.95317},{"name":"Stettlen","country":"CH","lat":46.95835,"lon":7.52508},{"name":"Strengelbach","country":"CH","lat":47.27917,"lon":7.92895},{"name":"Subingen","country":"CH","lat":47.19852,"lon":7.61949},{"name":"Suhr","country":"CH","lat":47.37172,"lon":8.07967},{"name":"Sulgen","country":"CH","lat":47.53967,"lon":9.18585},{"name":"Sulz","country":"CH","lat":47.53602,"lon":8.09628},{"name":"Sulz","country":"CH","lat":47.53954,"lon":8.78887},{"name":"Sumiswald","country":"CH","lat":47.02747,"lon":7.74526},{"name":"Surpierre","country":"CH","lat":46.74612,"lon":6.85929},{"name":"Sursee","country":"CH","lat":47.17088,"lon":8.11113},{"name":"Tafers","country":"CH","lat":46.81483,"lon":7.21852},{"name":"Tagelswangen","country":"CH","lat":47.4307,"lon":8.67284},{"name":"Tägertschi","country":"CH","lat":46.87548,"lon":7.58529},{"name":"Tägerwilen","country":"CH","lat":47.65698,"lon":9.13999},{"name":"Tamins","country":"CH","lat":46.82964,"lon":9.40648},{"name":"Tanay","country":"CH","lat":46.34503,"lon":6.83041},{"name":"Tann","country":"CH","lat":47.26898,"lon":8.85024},{"name":"Tann / Tann (Dorfkern)","country":"CH","lat":47.26494,"lon":8.85048},{"name":"Täuffelen","country":"CH","lat":47.0663,"lon":7.19883},{"name":"Tavannes","country":"CH","lat":47.22079,"lon":7.19759},{"name":"Tegerfelden","country":"CH","lat":47.55809,"lon":8.28914},{"name":"Tenniken","country":"CH","lat":47.43712,"lon":7.81149},{"name":"Tesserete","country":"CH","lat":46.06813,"lon":8.96501},{"name":"Teufen","country":"CH","lat":47.3908,"lon":9.38644},{"name":"Teufenthal","country":"CH","lat":47.32896,"lon":8.11777},{"name":"Thal","country":"CH","lat":47.46677,"lon":9.56643},{"name":"Thalwil","country":"CH","lat":47.29175,"lon":8.56351},{"name":"Thalwil / Berg","country":"CH","lat":47.29178,"lon":8.55602},{"name":"Thalwil / Dorfkern","country":"CH","lat":47.29047,"lon":8.56633},{"name":"Thalwil / Nord","country":"CH","lat":47.29748,"lon":8.55634},{"name":"Thalwil / See","country":"CH","lat":47.29409,"lon":8.56929},{"name":"Thalwil / Süd","country":"CH","lat":47.28495,"lon":8.56954},{"name":"Thayngen","country":"CH","lat":47.74717,"lon":8.70724},{"name":"Therwil","country":"CH","lat":47.49941,"lon":7.55669},{"name":"Thierachern","country":"CH","lat":46.75319,"lon":7.57442},{"name":"Thônex","country":"CH","lat":46.18815,"lon":6.19904},{"name":"Thun","country":"CH","lat":46.75118,"lon":7.62166},{"name":"Thundorf","country":"CH","lat":47.54594,"lon":8.96358},{"name":"Thusis","country":"CH","lat":46.69724,"lon":9.43938},{"name":"Tiefencastel","country":"CH","lat":46.66014,"lon":9.57883},{"name":"Toffen","country":"CH","lat":46.86031,"lon":7.49216},{"name":"Töss (Kreis 4)","country":"CH","lat":47.4789,"lon":8.70215},{"name":"Töss (Kreis 4) / Eichliacker","country":"CH","lat":47.48727,"lon":8.7074},{"name":"Töss (Kreis 4) / Schlosstal","country":"CH","lat":47.49279,"lon":8.70223},{"name":"Töss (Kreis 4) / Vorder-Dättnau","country":"CH","lat":47.48135,"lon":8.69855},{"name":"Trachselwald","country":"CH","lat":47.01699,"lon":7.73639},{"name":"Tramelan","country":"CH","lat":47.22298,"lon":7.10287},{"name":"Travers","country":"CH","lat":46.94018,"lon":6.67595},{"name":"Trélex","country":"CH","lat":46.41538,"lon":6.20813},{"name":"Treyvaux","country":"CH","lat":46.72796,"lon":7.13769},{"name":"Triengen","country":"CH","lat":47.23573,"lon":8.07652},{"name":"Trimbach","country":"CH","lat":47.36561,"lon":7.8868},{"name":"Trimmis","country":"CH","lat":46.90075,"lon":9.5612},{"name":"Trogen","country":"CH","lat":47.40782,"lon":9.46498},{"name":"Troinex","country":"CH","lat":46.16313,"lon":6.14745},{"name":"Troistorrents","country":"CH","lat":46.2289,"lon":6.91589},{"name":"Trub","country":"CH","lat":46.94168,"lon":7.87996},{"name":"Trubschachen","country":"CH","lat":46.92228,"lon":7.8452},{"name":"Trun","country":"CH","lat":46.74292,"lon":8.98716},{"name":"Tuggen","country":"CH","lat":47.20291,"lon":8.94896},{"name":"Turbenthal","country":"CH","lat":47.43633,"lon":8.84629},{"name":"Turgi","country":"CH","lat":47.49201,"lon":8.25412},{"name":"Turtmann","country":"CH","lat":46.30028,"lon":7.702},{"name":"Udligenswil","country":"CH","lat":47.09005,"lon":8.40335},{"name":"Ueberstorf","country":"CH","lat":46.86587,"lon":7.30998},{"name":"Uebeschi","country":"CH","lat":46.73774,"lon":7.5558},{"name":"Uerikon","country":"CH","lat":47.23672,"lon":8.7573},{"name":"Uerkheim","country":"CH","lat":47.30353,"lon":8.0232},{"name":"Uetendorf","country":"CH","lat":46.77392,"lon":7.57251},{"name":"Uetikon","country":"CH","lat":47.26441,"lon":8.67925},{"name":"Uetikon / Grossdorf","country":"CH","lat":47.26654,"lon":8.67765},{"name":"Uhwiesen","country":"CH","lat":47.67074,"lon":8.63542},{"name":"Uitikon","country":"CH","lat":47.36911,"lon":8.45699},{"name":"Unterägeri","country":"CH","lat":47.13645,"lon":8.5853},{"name":"Unterengstringen","country":"CH","lat":47.41396,"lon":8.44761},{"name":"Unteriberg","country":"CH","lat":47.06258,"lon":8.8052},{"name":"Unterkulm","country":"CH","lat":47.30998,"lon":8.11371},{"name":"Unterlunkhofen","country":"CH","lat":47.3212,"lon":8.38102},{"name":"Unterseen","country":"CH","lat":46.6853,"lon":7.84722},{"name":"Untersiggenthal","country":"CH","lat":47.50213,"lon":8.25554},{"name":"Untervaz","country":"CH","lat":46.9275,"lon":9.53422},{"name":"Urdorf","country":"CH","lat":47.38507,"lon":8.42581},{"name":"Urdorf / Bodenfeld","country":"CH","lat":47.3892,"lon":8.42265},{"name":"Urdorf / Moos","country":"CH","lat":47.38977,"lon":8.42886},{"name":"Urdorf / Oberurdorf","country":"CH","lat":47.38072,"lon":8.42343},{"name":"Urnäsch","country":"CH","lat":47.31669,"lon":9.2795},{"name":"Urtenen","country":"CH","lat":47.02667,"lon":7.50081},{"name":"Uster","country":"CH","lat":47.34713,"lon":8.72091},{"name":"Uster / Gschwader","country":"CH","lat":47.36016,"lon":8.7139},{"name":"Uster / Kirch-Uster","country":"CH","lat":47.34579,"lon":8.71839},{"name":"Uster / Nieder-Uster","country":"CH","lat":47.34743,"lon":8.70088},{"name":"Uster / Nossikon","country":"CH","lat":47.34088,"lon":8.72555},{"name":"Uster / Ober-Uster","country":"CH","lat":47.34874,"lon":8.73319},{"name":"Uttigen","country":"CH","lat":46.79435,"lon":7.57789},{"name":"Uttwil","country":"CH","lat":47.5844,"lon":9.34101},{"name":"Utzenstorf","country":"CH","lat":47.13248,"lon":7.55355},{"name":"Uznach","country":"CH","lat":47.22421,"lon":8.98263},{"name":"Uzwil","country":"CH","lat":47.43653,"lon":9.13422},{"name":"Valeyres-sous-Montagny","country":"CH","lat":46.79859,"lon":6.61094},{"name":"Vallorbe","country":"CH","lat":46.71256,"lon":6.37894},{"name":"Vals Platz","country":"CH","lat":46.61647,"lon":9.18025},{"name":"Vandœuvres","country":"CH","lat":46.22179,"lon":6.20285},{"name":"Varen","country":"CH","lat":46.3186,"lon":7.60743},{"name":"Vechigen","country":"CH","lat":46.94616,"lon":7.56065},{"name":"Veltheim","country":"CH","lat":47.43796,"lon":8.14722},{"name":"Veltheim (Kreis 5)","country":"CH","lat":47.51419,"lon":8.717},{"name":"Veltheim (Kreis 5) / Blumenau","country":"CH","lat":47.50618,"lon":8.71563},{"name":"Veltheim (Kreis 5) / Rosenberg","country":"CH","lat":47.51386,"lon":8.71583},{"name":"Verbier","country":"CH","lat":46.1002,"lon":7.22651},{"name":"Vernayaz","country":"CH","lat":46.13667,"lon":7.03906},{"name":"Vernier","country":"CH","lat":46.21702,"lon":6.08497},{"name":"Verscio","country":"CH","lat":46.18482,"lon":8.73224},{"name":"Versoix","country":"CH","lat":46.28382,"lon":6.16214},{"name":"Vétroz","country":"CH","lat":46.22171,"lon":7.27858},{"name":"Vevey","country":"CH","lat":46.46299,"lon":6.84345},{"name":"Vex","country":"CH","lat":46.21239,"lon":7.39826},{"name":"Veyras","country":"CH","lat":46.30212,"lon":7.53619},{"name":"Veyrier","country":"CH","lat":46.16699,"lon":6.18436},{"name":"Vicques","country":"CH","lat":47.35,"lon":7.41342},{"name":"Viganello","country":"CH","lat":46.01342,"lon":8.96879},{"name":"Villars-sur-Glâne","country":"CH","lat":46.79054,"lon":7.11717},{"name":"Villars-sur-Ollon","country":"CH","lat":46.29832,"lon":7.05631},{"name":"Villaz-Saint-Pierre","country":"CH","lat":46.72074,"lon":6.95638},{"name":"Villeneuve","country":"CH","lat":46.39869,"lon":6.92654},{"name":"Villigen","country":"CH","lat":47.52682,"lon":8.21486},{"name":"Villmergen","country":"CH","lat":47.35009,"lon":8.24762},{"name":"Villnachern","country":"CH","lat":47.47098,"lon":8.15975},{"name":"Vionnaz","country":"CH","lat":46.31101,"lon":6.90062},{"name":"Visp","country":"CH","lat":46.2937,"lon":7.88149},{"name":"Visperterminen","country":"CH","lat":46.25899,"lon":7.90192},{"name":"Vitznau","country":"CH","lat":47.01014,"lon":8.4842},{"name":"Volketswil / Volketswil (Dorf)","country":"CH","lat":47.39016,"lon":8.69085},{"name":"Vordemwald","country":"CH","lat":47.27585,"lon":7.90114},{"name":"Vorderthal","country":"CH","lat":47.12172,"lon":8.90225},{"name":"Vouvry","country":"CH","lat":46.33746,"lon":6.8895},{"name":"Vuadens","country":"CH","lat":46.61545,"lon":7.01732},{"name":"Vuarrens","country":"CH","lat":46.68578,"lon":6.64793},{"name":"Vuisternens-devant-Romont","country":"CH","lat":46.65312,"lon":6.92958},{"name":"Wädenswil","country":"CH","lat":47.22683,"lon":8.6687},{"name":"Wädenswil / Boller-Giessen","country":"CH","lat":47.22115,"lon":8.68385},{"name":"Wädenswil / Büelen","country":"CH","lat":47.23395,"lon":8.66346},{"name":"Wädenswil / Dorf (Wädenswil)","country":"CH","lat":47.22923,"lon":8.6722},{"name":"Wädenswil / Eichweid","country":"CH","lat":47.21847,"lon":8.6744},{"name":"Wädenswil / Hangenmoos","country":"CH","lat":47.23367,"lon":8.65251},{"name":"Wädenswil / Leihof-Mühlebach","country":"CH","lat":47.22364,"lon":8.67149},{"name":"Wädenswil / Untermosen-Fuhr","country":"CH","lat":47.22772,"lon":8.66303},{"name":"Wagenhausen","country":"CH","lat":47.66003,"lon":8.84782},{"name":"Wahlen","country":"CH","lat":47.40226,"lon":7.51511},{"name":"Walchwil","country":"CH","lat":47.10169,"lon":8.51693},{"name":"Wald","country":"CH","lat":47.27595,"lon":8.91405},{"name":"Waldenburg","country":"CH","lat":47.38333,"lon":7.75},{"name":"Waldkirch","country":"CH","lat":47.46859,"lon":9.28665},{"name":"Waldstatt","country":"CH","lat":47.35627,"lon":9.28345},{"name":"Walenstadt","country":"CH","lat":47.12411,"lon":9.31194},{"name":"Walkringen","country":"CH","lat":46.94856,"lon":7.6204},{"name":"Wallisellen","country":"CH","lat":47.41499,"lon":8.59672},{"name":"Wallisellen / Rieden","country":"CH","lat":47.41738,"lon":8.60028},{"name":"Wallisellen / Wallisellen-Ost","country":"CH","lat":47.41446,"lon":8.59727},{"name":"Wallisellen / Wallisellen-West","country":"CH","lat":47.41906,"lon":8.58586},{"name":"Walliswil bei Niederbipp","country":"CH","lat":47.23625,"lon":7.68991},{"name":"Waltenschwil","country":"CH","lat":47.33339,"lon":8.29791},{"name":"Walzenhausen","country":"CH","lat":47.44867,"lon":9.60495},{"name":"Wangen","country":"CH","lat":47.34365,"lon":7.86982},{"name":"Wangen","country":"CH","lat":47.41182,"lon":8.64516},{"name":"Wangen an der Aare","country":"CH","lat":47.23208,"lon":7.65253},{"name":"Wängi","country":"CH","lat":47.49654,"lon":8.95325},{"name":"Wattenwil","country":"CH","lat":46.76973,"lon":7.50835},{"name":"Wattwil","country":"CH","lat":47.29955,"lon":9.08657},{"name":"Wauwil","country":"CH","lat":47.18457,"lon":8.021},{"name":"Weesen","country":"CH","lat":47.13447,"lon":9.09644},{"name":"Wegenstetten","country":"CH","lat":47.49797,"lon":7.93141},{"name":"Weggis","country":"CH","lat":47.03208,"lon":8.43219},{"name":"Weinfelden","country":"CH","lat":47.56667,"lon":9.1},{"name":"Weiningen","country":"CH","lat":47.42022,"lon":8.43644},{"name":"Weisslingen","country":"CH","lat":47.43063,"lon":8.76787},{"name":"Welschenrohr","country":"CH","lat":47.28052,"lon":7.52664},{"name":"Werthenstein","country":"CH","lat":47.05578,"lon":8.10182},{"name":"Wettingen","country":"CH","lat":47.46606,"lon":8.32663},{"name":"Wettswil","country":"CH","lat":47.33725,"lon":8.47527},{"name":"Wettswil / Ausser-Dorf","country":"CH","lat":47.33197,"lon":8.47732},{"name":"Wettswil / Wettswil (Dorf)","country":"CH","lat":47.34152,"lon":8.47149},{"name":"Wetzikon","country":"CH","lat":47.3264,"lon":8.79779},{"name":"Wetzikon / Kempten","country":"CH","lat":47.33319,"lon":8.80982},{"name":"Wetzikon / Ober-Wetzikon","country":"CH","lat":47.32514,"lon":8.80005},{"name":"Wetzikon / Robenhausen","country":"CH","lat":47.33089,"lon":8.78762},{"name":"Wetzikon / Unter-Wetzikon","country":"CH","lat":47.31637,"lon":8.79369},{"name":"Wichtrach","country":"CH","lat":46.8501,"lon":7.57748},{"name":"Wiedlisbach","country":"CH","lat":47.25194,"lon":7.6461},{"name":"Wiesendangen / Wiesendangen (Dorf)","country":"CH","lat":47.5217,"lon":8.78967},{"name":"Wigoltingen","country":"CH","lat":47.5977,"lon":9.03141},{"name":"Wikon","country":"CH","lat":47.26339,"lon":7.96801},{"name":"Wil","country":"CH","lat":47.46152,"lon":9.04552},{"name":"Wila","country":"CH","lat":47.41928,"lon":8.84524},{"name":"Wilchingen","country":"CH","lat":47.66745,"lon":8.46774},{"name":"Wilderswil","country":"CH","lat":46.66369,"lon":7.86175},{"name":"Wildhaus","country":"CH","lat":47.20583,"lon":9.35402},{"name":"Willisau","country":"CH","lat":47.12183,"lon":7.99418},{"name":"Wimmis","country":"CH","lat":46.67587,"lon":7.63972},{"name":"Windisch","country":"CH","lat":47.47899,"lon":8.21842},{"name":"Winterthur","country":"CH","lat":47.50564,"lon":8.72413},{"name":"Wittenbach","country":"CH","lat":47.46108,"lon":9.38601},{"name":"Wittnau","country":"CH","lat":47.48139,"lon":7.97577},{"name":"Wohlen","country":"CH","lat":47.35066,"lon":8.27517},{"name":"Wohlen","country":"CH","lat":46.97118,"lon":7.35685},{"name":"Wolfenschiessen","country":"CH","lat":46.90322,"lon":8.39423},{"name":"Wolfhausen","country":"CH","lat":47.25619,"lon":8.7991},{"name":"Wölflinswil","country":"CH","lat":47.4607,"lon":7.99835},{"name":"Wolfwil","country":"CH","lat":47.26871,"lon":7.79652},{"name":"Wolhusen","country":"CH","lat":47.05983,"lon":8.07389},{"name":"Wollerau","country":"CH","lat":47.19478,"lon":8.71903},{"name":"Worb","country":"CH","lat":46.92984,"lon":7.56306},{"name":"Worben","country":"CH","lat":47.10279,"lon":7.29518},{"name":"Wülflingen (Kreis 6)","country":"CH","lat":47.51036,"lon":8.68333},{"name":"Wülflingen (Kreis 6) / Härti","country":"CH","lat":47.51262,"lon":8.684},{"name":"Wülflingen (Kreis 6) / Lindenplatz","country":"CH","lat":47.51098,"lon":8.6929},{"name":"Wülflingen (Kreis 6) / Niederfeld","country":"CH","lat":47.50904,"lon":8.67968},{"name":"Wülflingen (Kreis 6) / Oberfeld","country":"CH","lat":47.49873,"lon":8.69897},{"name":"Würenlingen","country":"CH","lat":47.53356,"lon":8.25666},{"name":"Würenlos","country":"CH","lat":47.44205,"lon":8.36261},{"name":"Wynau","country":"CH","lat":47.2557,"lon":7.81626},{"name":"Wynigen","country":"CH","lat":47.10586,"lon":7.66681},{"name":"Wyssachen","country":"CH","lat":47.07851,"lon":7.82922},{"name":"Yverdon-les-Bains","country":"CH","lat":46.77852,"lon":6.64115},{"name":"Yvonand","country":"CH","lat":46.80034,"lon":6.74249},{"name":"Zäziwil","country":"CH","lat":46.90196,"lon":7.66185},{"name":"Zell","country":"CH","lat":47.13673,"lon":7.92495},{"name":"Zermatt","country":"CH","lat":46.01998,"lon":7.74863},{"name":"Zernez","country":"CH","lat":46.69862,"lon":10.09268},{"name":"Zizers","country":"CH","lat":46.93575,"lon":9.56491},{"name":"Zofingen","country":"CH","lat":47.28779,"lon":7.94586},{"name":"Zollikerberg","country":"CH","lat":47.3451,"lon":8.60088},{"name":"Zollikofen","country":"CH","lat":46.99905,"lon":7.45809},{"name":"Zollikon","country":"CH","lat":47.34019,"lon":8.57407},{"name":"Zuchwil","country":"CH","lat":47.20173,"lon":7.56649},{"name":"Zug","country":"CH","lat":47.17242,"lon":8.51745},{"name":"Zumikon","country":"CH","lat":47.33158,"lon":8.62271},{"name":"Zunzgen","country":"CH","lat":47.44925,"lon":7.80789},{"name":"Zuoz","country":"CH","lat":46.60206,"lon":9.95965},{"name":"Zürich","country":"CH","lat":47.36667,"lon":8.55},{"name":"Zürich (Kreis 1)","country":"CH","lat":47.37055,"lon":8.54177},{"name":"Zürich (Kreis 1) / City","country":"CH","lat":47.37269,"lon":8.53576},{"name":"Zürich (Kreis 1) / Lindenhof","country":"CH","lat":47.37188,"lon":8.54036},{"name":"Zürich (Kreis 1) / Rathaus","country":"CH","lat":47.37161,"lon":8.54501},{"name":"Zürich (Kreis 10)","country":"CH","lat":47.40773,"lon":8.5005},{"name":"Zürich (Kreis 10) / Höngg","country":"CH","lat":47.40313,"lon":8.4971},{"name":"Zürich (Kreis 10) / Rütihof","country":"CH","lat":47.41444,"lon":8.47928},{"name":"Zürich (Kreis 10) / Wipkingen","country":"CH","lat":47.39503,"lon":8.52529},{"name":"Zürich (Kreis 11)","country":"CH","lat":47.42326,"lon":8.52166},{"name":"Zürich (Kreis 11) / Affoltern","country":"CH","lat":47.41814,"lon":8.5122},{"name":"Zürich (Kreis 11) / Oerlikon","country":"CH","lat":47.40823,"lon":8.54258},{"name":"Zürich (Kreis 11) / Schwandenholz","country":"CH","lat":47.42476,"lon":8.52125},{"name":"Zürich (Kreis 11) / Seebach","country":"CH","lat":47.42181,"lon":8.54779},{"name":"Zürich (Kreis 12)","country":"CH","lat":47.40372,"lon":8.57608},{"name":"Zürich (Kreis 12) / Auzelg","country":"CH","lat":47.41511,"lon":8.57014},{"name":"Zürich (Kreis 12) / Hirzenbach","country":"CH","lat":47.40187,"lon":8.58633},{"name":"Zürich (Kreis 12) / Saatlen","country":"CH","lat":47.41127,"lon":8.5648},{"name":"Zürich (Kreis 12) / Schwamendingen-Mitte","country":"CH","lat":47.4063,"lon":8.57242},{"name":"Zürich (Kreis 2)","country":"CH","lat":47.33756,"lon":8.5211},{"name":"Zürich (Kreis 2) / Enge","country":"CH","lat":47.3605,"lon":8.53127},{"name":"Zürich (Kreis 2) / Mittel-Leimbach","country":"CH","lat":47.32538,"lon":8.51391},{"name":"Zürich (Kreis 2) / Unter-Leimbach","country":"CH","lat":47.33362,"lon":8.51433},{"name":"Zürich (Kreis 2) / Wollishofen","country":"CH","lat":47.3401,"lon":8.53134},{"name":"Zürich (Kreis 3)","country":"CH","lat":47.35785,"lon":8.50296},{"name":"Zürich (Kreis 3) / Alt-Wiedikon","country":"CH","lat":47.36201,"lon":8.51497},{"name":"Zürich (Kreis 3) / Friesenberg","country":"CH","lat":47.36372,"lon":8.50417},{"name":"Zürich (Kreis 3) / Sihlfeld","country":"CH","lat":47.37382,"lon":8.51164},{"name":"Zürich (Kreis 4) / Aussersihl","country":"CH","lat":47.37752,"lon":8.52127},{"name":"Zürich (Kreis 4) / Hard","country":"CH","lat":47.38311,"lon":8.50942},{"name":"Zürich (Kreis 4) / Langstrasse","country":"CH","lat":47.37767,"lon":8.52854},{"name":"Zürich (Kreis 4) / Werd","country":"CH","lat":47.37178,"lon":8.52584},{"name":"Zürich (Kreis 5)","country":"CH","lat":47.38767,"lon":8.52152},{"name":"Zürich (Kreis 5) / Escher-Wyss","country":"CH","lat":47.39052,"lon":8.51292},{"name":"Zürich (Kreis 5) / Gewerbeschule","country":"CH","lat":47.38481,"lon":8.53011},{"name":"Zürich (Kreis 6)","country":"CH","lat":47.39223,"lon":8.54381},{"name":"Zürich (Kreis 6) / Oberstrass","country":"CH","lat":47.38917,"lon":8.5504},{"name":"Zürich (Kreis 6) / Unterstrass","country":"CH","lat":47.3953,"lon":8.53721},{"name":"Zürich (Kreis 7)","country":"CH","lat":47.37328,"lon":8.58038},{"name":"Zürich (Kreis 7) / Fluntern","country":"CH","lat":47.38013,"lon":8.56133},{"name":"Zürich (Kreis 7) / Hirslanden","country":"CH","lat":47.3624,"lon":8.56755},{"name":"Zürich (Kreis 7) / Hottingen","country":"CH","lat":47.37011,"lon":8.56306},{"name":"Zürich (Kreis 7) / Witikon","country":"CH","lat":47.35751,"lon":8.59105},{"name":"Zürich (Kreis 8)","country":"CH","lat":47.3548,"lon":8.56097},{"name":"Zürich (Kreis 8) / Mühlebach","country":"CH","lat":47.35727,"lon":8.55744},{"name":"Zürich (Kreis 8) / Seefeld","country":"CH","lat":47.35462,"lon":8.55537},{"name":"Zürich (Kreis 8) / Weinegg","country":"CH","lat":47.3525,"lon":8.57011},{"name":"Zürich (Kreis 9)","country":"CH","lat":47.38245,"lon":8.47993},{"name":"Zürich (Kreis 9) / Albisrieden","country":"CH","lat":47.37398,"lon":8.49007},{"name":"Zürich (Kreis 9) / Altstetten","country":"CH","lat":47.38946,"lon":8.48533},{"name":"Zuzwil","country":"CH","lat":47.47452,"lon":9.11196},{"name":"Zweisimmen","country":"CH","lat":46.55539,"lon":7.37302},{"name":"Zwingen","country":"CH","lat":47.43825,"lon":7.53027}]