[{"name":"Ahau","country":"FJ","lat":-12.5,"lon":177.05},{"name":"Ba","country":"FJ","lat":-17.5343,"lon":177.67407},{"name":"Labasa","country":"FJ","lat":-16.4332,"lon":179.36451},{"name":"Lautoka","country":"FJ","lat":-17.61686,"lon":177.45049},{"name":"Levuka","country":"FJ","lat":-18.06667,"lon":179.31667},{"name":"Nadi","country":"FJ","lat":-17.80309,"lon":177.41617},{"name":"Nasinu","country":"FJ","lat":-18.07051,"lon":178.51313},{"name":"Sigatoka","country":"FJ","lat":-18.14307,"lon":177.50691},{"name":"Suva","country":"FJ","lat":-18.13683,"lon":178.42531},{"name":"Tubou","country":"FJ","lat":-18.23652,"lon":-178.81232}]