[{"name":"Akranes","country":"IS","lat":64.32179,"lon":-22.0749},{"name":"Akureyri","country":"IS","lat":65.68353,"lon":-18.0878},{"name":"Álftanes","country":"IS","lat":64.1,"lon":-22.01667},{"name":"Borgarnes","country":"IS","lat":64.53834,"lon":-21.92064},{"name":"Borgarnes","country":"IS","lat":64.56219,"lon":-21.90082},{"name":"Dalvík","country":"IS","lat":65.97018,"lon":-18.52861},{"name":"Egilsstaðir","country":"IS","lat":65.26687,"lon":-14.39485},{"name":"Eskifjörður","country":"IS","lat":65.07306,"lon":-14.01525},{"name":"Garðabær","country":"IS","lat":64.08865,"lon":-21.92298},{"name":"Garður","country":"IS","lat":64.07055,"lon":-22.6513},{"name":"Grindavík","country":"IS","lat":63.83849,"lon":-22.43931},{"name":"Hafnarfjörður","country":"IS","lat":64.0671,"lon":-21.93774},{"name":"Höfn","country":"IS","lat":64.25388,"lon":-15.21212},{"name":"Hveragerði","country":"IS","lat":64.00039,"lon":-21.18602},{"name":"Hvolsvöllur","country":"IS","lat":63.75069,"lon":-20.22454},{"name":"Ísafjörður","country":"IS","lat":66.07475,"lon":-23.13498},{"name":"Keflavík","country":"IS","lat":64.00492,"lon":-22.56242},{"name":"Kópavogur","country":"IS","lat":64.11234,"lon":-21.91298},{"name":"Laugar","country":"IS","lat":65.72159,"lon":-17.37352},{"name":"Mosfellsbær","country":"IS","lat":64.16667,"lon":-21.7},{"name":"Neskaupstaður","country":"IS","lat":65.14819,"lon":-13.68368},{"name":"Norðurþing","country":"IS","lat":66.04148,"lon":-17.33834},{"name":"Ólafsvík","country":"IS","lat":64.89429,"lon":-23.70918},{"name":"Reyðarfjörður","country":"IS","lat":65.03164,"lon":-14.21832},{"name":"Reykjanesbær","country":"IS","lat":63.99813,"lon":-22.56111},{"name":"Reykjavík","country":"IS","lat":64.13548,"lon":-21.89541},{"name":"Sandgerði","country":"IS","lat":64.03762,"lon":-22.70799},{"name":"Sauðárkrókur","country":"IS","lat":65.74611,"lon":-19.63944},{"name":"Selfoss","country":"IS","lat":63.93311,"lon":-20.99712},{"name":"Seltjarnarnes","country":"IS","lat":64.15309,"lon":-21.99499},{"name":"Siglufjörður","country":"IS","lat":66.15198,"lon":-18.90815},{"name":"Stykkishólmur","country":"IS","lat":65.07537,"lon":-22.72977},{"name":"Vestmannaeyjar","country":"IS","lat":63.44273,"lon":-20.27339},{"name":"Vogar","country":"IS","lat":63.9816,"lon":-22.38473},{"name":"Þorlákshöfn","country":"IS","lat":63.85591,"lon":-21.38337}]