[{"name":"Above Rocks","country":"JM","lat":18.10678,"lon":-76.87608},{"name":"Albert Town","country":"JM","lat":18.29434,"lon":-77.54239},{"name":"Alexandria","country":"JM","lat":18.30768,"lon":-77.35335},{"name":"Alligator Pond","country":"JM","lat":17.86932,"lon":-77.56769},{"name":"Anchovy","country":"JM","lat":18.4103,"lon":-77.93166},{"name":"Annotto Bay","country":"JM","lat":18.2717,"lon":-76.76523},{"name":"Balaclava","country":"JM","lat":18.17228,"lon":-77.64375},{"name":"Bamboo","country":"JM","lat":18.39216,"lon":-77.26429},{"name":"Barbican","country":"JM","lat":18.45038,"lon":-78.10142},{"name":"Bath","country":"JM","lat":17.9482,"lon":-76.34916},{"name":"Bethel Town","country":"JM","lat":18.29503,"lon":-77.95112},{"name":"Black River","country":"JM","lat":18.02636,"lon":-77.84873},{"name":"Bluefields","country":"JM","lat":18.16602,"lon":-78.02702},{"name":"Bog Walk","country":"JM","lat":18.10205,"lon":-77.00541},{"name":"Buff Bay","country":"JM","lat":18.23287,"lon":-76.66118},{"name":"Bull Savannah","country":"JM","lat":17.88678,"lon":-77.59022},{"name":"Cambridge","country":"JM","lat":18.31326,"lon":-77.90252},{"name":"Cascade","country":"JM","lat":18.39747,"lon":-78.10337},{"name":"Chapelton","country":"JM","lat":18.08333,"lon":-77.26667},{"name":"Coleyville","country":"JM","lat":18.20783,"lon":-77.50754},{"name":"Constant Spring","country":"JM","lat":18.05078,"lon":-76.79372},{"name":"Dalvey","country":"JM","lat":17.91184,"lon":-76.24864},{"name":"Darliston","country":"JM","lat":18.23731,"lon":-77.97626},{"name":"Discovery Bay","country":"JM","lat":18.45873,"lon":-77.39997},{"name":"Duncans","country":"JM","lat":18.468,"lon":-77.53633},{"name":"Easington","country":"JM","lat":17.92397,"lon":-76.58824},{"name":"Ewarton","country":"JM","lat":18.18333,"lon":-77.08536},{"name":"Falmouth","country":"JM","lat":18.49358,"lon":-77.65587},{"name":"Gayle","country":"JM","lat":18.32642,"lon":-77.00971},{"name":"Golden Grove","country":"JM","lat":17.93361,"lon":-76.27254},{"name":"Gordon Town","country":"JM","lat":18.03578,"lon":-76.71783},{"name":"Half Way Tree","country":"JM","lat":18.01248,"lon":-76.79928},{"name":"Hayes","country":"JM","lat":17.87569,"lon":-77.23711},{"name":"Hope Bay","country":"JM","lat":18.19882,"lon":-76.56539},{"name":"Islington","country":"JM","lat":18.30922,"lon":-76.85482},{"name":"Kellits","country":"JM","lat":18.17278,"lon":-77.23083},{"name":"Kingston","country":"JM","lat":17.99702,"lon":-76.79358},{"name":"Lacovia","country":"JM","lat":18.09356,"lon":-77.769},{"name":"Limit","country":"JM","lat":18.15287,"lon":-77.47121},{"name":"Linstead","country":"JM","lat":18.13683,"lon":-77.03171},{"name":"Lionel Town","country":"JM","lat":17.81007,"lon":-77.24061},{"name":"Lluidas Vale","country":"JM","lat":18.12756,"lon":-77.14881},{"name":"Lucea","country":"JM","lat":18.45095,"lon":-78.17356},{"name":"Maggotty","country":"JM","lat":18.16129,"lon":-77.76457},{"name":"Malvern","country":"JM","lat":17.96667,"lon":-77.7},{"name":"Manchioneal","country":"JM","lat":18.04444,"lon":-76.27735},{"name":"Mandeville","country":"JM","lat":18.04168,"lon":-77.50714},{"name":"Maroon Town","country":"JM","lat":18.34464,"lon":-77.79544},{"name":"Mavis Bank","country":"JM","lat":18.03111,"lon":-76.65792},{"name":"May Pen","country":"JM","lat":17.96454,"lon":-77.24515},{"name":"Mona Heights","country":"JM","lat":18.01375,"lon":-76.75186},{"name":"Moneague","country":"JM","lat":18.27556,"lon":-77.11177},{"name":"Montego Bay","country":"JM","lat":18.47116,"lon":-77.91883},{"name":"Moore Town","country":"JM","lat":18.07767,"lon":-76.42577},{"name":"Morant Bay","country":"JM","lat":17.88145,"lon":-76.40927},{"name":"Mountain View Gardens","country":"JM","lat":17.98559,"lon":-76.76714},{"name":"Nain","country":"JM","lat":17.96526,"lon":-77.60528},{"name":"Negril","country":"JM","lat":18.26844,"lon":-78.3481},{"name":"New Kingston","country":"JM","lat":18.00747,"lon":-76.78319},{"name":"Ocho Rios","country":"JM","lat":18.4076,"lon":-77.10312},{"name":"Old Harbour","country":"JM","lat":17.94144,"lon":-77.10898},{"name":"Old Harbour Bay","country":"JM","lat":17.90918,"lon":-77.09718},{"name":"Oracabessa","country":"JM","lat":18.40319,"lon":-76.94641},{"name":"Penwood","country":"JM","lat":18.00982,"lon":-76.83347},{"name":"Petersfield","country":"JM","lat":18.26158,"lon":-78.07117},{"name":"Point Hill","country":"JM","lat":18.08988,"lon":-77.10759},{"name":"Port Antonio","country":"JM","lat":18.17889,"lon":-76.45215},{"name":"Port Maria","country":"JM","lat":18.36849,"lon":-76.88946},{"name":"Port Royal","country":"JM","lat":17.93738,"lon":-76.84062},{"name":"Portmore","country":"JM","lat":17.97102,"lon":-76.88691},{"name":"Porus","country":"JM","lat":18.03535,"lon":-77.41166},{"name":"Quickstep","country":"JM","lat":18.25268,"lon":-77.7044},{"name":"Race Course","country":"JM","lat":17.836,"lon":-77.2855},{"name":"Richmond","country":"JM","lat":18.25478,"lon":-76.88799},{"name":"Riversdale","country":"JM","lat":18.16586,"lon":-76.96417},{"name":"Rocky Point","country":"JM","lat":17.774,"lon":-77.26107},{"name":"Runaway Bay","country":"JM","lat":18.45962,"lon":-77.3357},{"name":"Saint Ann’s Bay","country":"JM","lat":18.43581,"lon":-77.20098},{"name":"Sandy Bay","country":"JM","lat":18.44854,"lon":-78.07321},{"name":"Santa Cruz","country":"JM","lat":18.05336,"lon":-77.69836},{"name":"Savanna-la-Mar","country":"JM","lat":18.21895,"lon":-78.1332},{"name":"Seaforth","country":"JM","lat":17.93578,"lon":-76.4573},{"name":"Siloah","country":"JM","lat":18.16709,"lon":-77.70348},{"name":"Southfield","country":"JM","lat":17.8878,"lon":-77.66713},{"name":"Spanish Town","country":"JM","lat":17.99107,"lon":-76.95742},{"name":"Stony Hill","country":"JM","lat":18.07716,"lon":-76.79},{"name":"Torrington Park","country":"JM","lat":17.98878,"lon":-76.79426},{"name":"Tower Hill","country":"JM","lat":18.0128,"lon":-76.65098},{"name":"Trinity Ville","country":"JM","lat":17.96076,"lon":-76.51427},{"name":"Ulster Spring","country":"JM","lat":18.31482,"lon":-77.52067},{"name":"Wakefield","country":"JM","lat":18.41211,"lon":-77.72183},{"name":"Williamsfield","country":"JM","lat":18.06667,"lon":-77.46667},{"name":"Yallahs","country":"JM","lat":17.8748,"lon":-76.56245}]