[{"name":"Balaka","country":"MW","lat":-14.97928,"lon":34.95575},{"name":"Blantyre","country":"MW","lat":-15.78499,"lon":35.00854},{"name":"Chikwawa","country":"MW","lat":-16.03352,"lon":34.80091},{"name":"Chipeni","country":"MW","lat":-13.40237,"lon":33.90928},{"name":"Chipoka","country":"MW","lat":-13.99329,"lon":34.51566},{"name":"Chiradzulu","country":"MW","lat":-15.67461,"lon":35.14071},{"name":"Chitipa","country":"MW","lat":-9.70237,"lon":33.26969},{"name":"Dedza","country":"MW","lat":-14.3779,"lon":34.33322},{"name":"Dowa","country":"MW","lat":-13.65399,"lon":33.93754},{"name":"Karonga","country":"MW","lat":-9.93333,"lon":33.93333},{"name":"Kasungu","country":"MW","lat":-13.03333,"lon":33.48333},{"name":"Likoma","country":"MW","lat":-12.06667,"lon":34.73333},{"name":"Lilongwe","country":"MW","lat":-13.96692,"lon":33.78725},{"name":"Livingstonia","country":"MW","lat":-10.60603,"lon":34.10788},{"name":"Liwonde","country":"MW","lat":-15.06665,"lon":35.22543},{"name":"Luchenza","country":"MW","lat":-16.00693,"lon":35.30947},{"name":"Machinga","country":"MW","lat":-15.16849,"lon":35.30002},{"name":"Makata","country":"MW","lat":-15.78721,"lon":35.03046},{"name":"Mangochi","country":"MW","lat":-14.47815,"lon":35.26448},{"name":"Mchinji","country":"MW","lat":-13.79841,"lon":32.88019},{"name":"Monkey Bay","country":"MW","lat":-14.08239,"lon":34.91652},{"name":"Mponela","country":"MW","lat":-13.53099,"lon":33.73933},{"name":"Mulanje","country":"MW","lat":-16.03163,"lon":35.5},{"name":"Mwanza","country":"MW","lat":-15.60262,"lon":34.52479},{"name":"Mzimba","country":"MW","lat":-11.9,"lon":33.6},{"name":"Mzuzu","country":"MW","lat":-11.46556,"lon":34.02071},{"name":"Neno","country":"MW","lat":-15.39805,"lon":34.65343},{"name":"Ngabu","country":"MW","lat":-16.49428,"lon":34.91147},{"name":"Nkhata Bay","country":"MW","lat":-11.60659,"lon":34.29073},{"name":"Nkhotakota","country":"MW","lat":-12.92744,"lon":34.29614},{"name":"Nsanje","country":"MW","lat":-16.91995,"lon":35.26199},{"name":"Ntcheu","country":"MW","lat":-14.82027,"lon":34.63586},{"name":"Ntchisi","country":"MW","lat":-13.52775,"lon":33.9149},{"name":"Phalombe","country":"MW","lat":-15.80635,"lon":35.65067},{"name":"Rumphi","country":"MW","lat":-11.01863,"lon":33.85746},{"name":"Salima","country":"MW","lat":-13.7804,"lon":34.4587},{"name":"Thyolo","country":"MW","lat":-16.06775,"lon":35.14046},{"name":"Zomba","country":"MW","lat":-15.38596,"lon":35.3188}]