[{"name":"Achuapa","country":"NI","lat":13.0537,"lon":-86.59004},{"name":"Acoyapa","country":"NI","lat":11.97028,"lon":-85.17113},{"name":"Altagracia","country":"NI","lat":11.56615,"lon":-85.5784},{"name":"Belén","country":"NI","lat":11.50299,"lon":-85.88935},{"name":"Bluefields","country":"NI","lat":12.01366,"lon":-83.76353},{"name":"Boaco","country":"NI","lat":12.47224,"lon":-85.6586},{"name":"Boca de Sábalos","country":"NI","lat":11.05,"lon":-84.46667},{"name":"Bocana de Paiwas","country":"NI","lat":12.78571,"lon":-85.12269},{"name":"Bonanza","country":"NI","lat":14.02885,"lon":-84.59103},{"name":"Buenos Aires","country":"NI","lat":11.46916,"lon":-85.81661},{"name":"Camoapa","country":"NI","lat":12.38383,"lon":-85.51277},{"name":"Cárdenas","country":"NI","lat":11.19639,"lon":-85.5089},{"name":"Catarina","country":"NI","lat":11.91197,"lon":-86.07383},{"name":"Chichigalpa","country":"NI","lat":12.57758,"lon":-87.02705},{"name":"Chinandega","country":"NI","lat":12.62937,"lon":-87.13105},{"name":"Cinco Pinos","country":"NI","lat":13.22956,"lon":-86.86808},{"name":"Ciudad Antigua","country":"NI","lat":13.6406,"lon":-86.30815},{"name":"Ciudad Darío","country":"NI","lat":12.73143,"lon":-86.12402},{"name":"Ciudad Sandino","country":"NI","lat":12.15889,"lon":-86.34417},{"name":"Comalapa","country":"NI","lat":12.28345,"lon":-85.51081},{"name":"Condega","country":"NI","lat":13.36502,"lon":-86.39846},{"name":"Corinto","country":"NI","lat":12.4825,"lon":-87.17304},{"name":"Cuapa","country":"NI","lat":12.26875,"lon":-85.38205},{"name":"Dipilto","country":"NI","lat":13.72106,"lon":-86.50619},{"name":"Diriá","country":"NI","lat":11.8842,"lon":-86.05508},{"name":"Diriamba","country":"NI","lat":11.85812,"lon":-86.23922},{"name":"Diriomo","country":"NI","lat":11.87631,"lon":-86.05184},{"name":"Dolores","country":"NI","lat":11.85672,"lon":-86.21552},{"name":"El Almendro","country":"NI","lat":11.67859,"lon":-84.70269},{"name":"El Ayote","country":"NI","lat":12.19046,"lon":-85.28737},{"name":"El Ayote","country":"NI","lat":12.49952,"lon":-84.81519},{"name":"El Coral","country":"NI","lat":11.91781,"lon":-84.64827},{"name":"El Crucero","country":"NI","lat":11.99008,"lon":-86.30954},{"name":"El Cuá","country":"NI","lat":13.36844,"lon":-85.67335},{"name":"El Jicaral","country":"NI","lat":12.72676,"lon":-86.38057},{"name":"El Jícaro","country":"NI","lat":13.7229,"lon":-86.13852},{"name":"El Realejo","country":"NI","lat":12.54333,"lon":-87.16517},{"name":"El Rosario","country":"NI","lat":11.8328,"lon":-86.16526},{"name":"El Rosario","country":"NI","lat":11.77756,"lon":-86.37374},{"name":"El Sauce","country":"NI","lat":12.88687,"lon":-86.53903},{"name":"El Tortuguero","country":"NI","lat":12.82247,"lon":-84.19629},{"name":"El Viejo","country":"NI","lat":12.66348,"lon":-87.16663},{"name":"Esquipulas","country":"NI","lat":12.66446,"lon":-85.78734},{"name":"Estelí","country":"NI","lat":13.09185,"lon":-86.35384},{"name":"Granada","country":"NI","lat":11.92988,"lon":-85.95602},{"name":"Great Corn Island","country":"NI","lat":12.17575,"lon":-83.06145},{"name":"Greytown","country":"NI","lat":10.94684,"lon":-83.73467},{"name":"Jalapa","country":"NI","lat":13.92221,"lon":-86.12346},{"name":"Jinotega","country":"NI","lat":13.09103,"lon":-86.00234},{"name":"Jinotepe","country":"NI","lat":11.84962,"lon":-86.19903},{"name":"Jiquilillo","country":"NI","lat":12.74593,"lon":-87.4516},{"name":"Juigalpa","country":"NI","lat":12.10629,"lon":-85.36452},{"name":"Karawala","country":"NI","lat":12.93072,"lon":-83.57724},{"name":"Kukra Hill","country":"NI","lat":12.24096,"lon":-83.74517},{"name":"La Concepción","country":"NI","lat":11.93711,"lon":-86.18976},{"name":"La Concordia","country":"NI","lat":13.19528,"lon":-86.16659},{"name":"La Conquista","country":"NI","lat":11.73426,"lon":-86.19279},{"name":"La Cruz de Río Grande","country":"NI","lat":13.1129,"lon":-84.18588},{"name":"La Dalia","country":"NI","lat":13.13652,"lon":-85.73738},{"name":"La Libertad","country":"NI","lat":12.21635,"lon":-85.16595},{"name":"La Paz Centro","country":"NI","lat":12.34,"lon":-86.67528},{"name":"La Paz de Carazo","country":"NI","lat":11.82311,"lon":-86.12781},{"name":"La Trinidad","country":"NI","lat":12.96881,"lon":-86.23534},{"name":"Larreynaga","country":"NI","lat":12.67692,"lon":-86.57193},{"name":"Las Praderas","country":"NI","lat":13.17,"lon":-85.85},{"name":"Las Sabanas","country":"NI","lat":13.34302,"lon":-86.62184},{"name":"León","country":"NI","lat":12.43787,"lon":-86.87804},{"name":"LLano de La Cruz","country":"NI","lat":13.12449,"lon":-86.00833},{"name":"Macuelizo","country":"NI","lat":13.65328,"lon":-86.61297},{"name":"Malpaisillo","country":"NI","lat":12.59374,"lon":-86.67952},{"name":"Managua","country":"NI","lat":12.13282,"lon":-86.2504},{"name":"Masachapa","country":"NI","lat":11.78687,"lon":-86.51416},{"name":"Masatepe","country":"NI","lat":11.91445,"lon":-86.14458},{"name":"Masaya","country":"NI","lat":11.97444,"lon":-86.09417},{"name":"Matagalpa","country":"NI","lat":12.92559,"lon":-85.91747},{"name":"Mateare","country":"NI","lat":12.23512,"lon":-86.42809},{"name":"Matiguás","country":"NI","lat":12.83734,"lon":-85.46218},{"name":"Morrito","country":"NI","lat":11.62118,"lon":-85.08052},{"name":"Moyogalpa","country":"NI","lat":11.54006,"lon":-85.69795},{"name":"Mozonte","country":"NI","lat":13.66034,"lon":-86.43841},{"name":"Muelle de los Bueyes","country":"NI","lat":12.06999,"lon":-84.53503},{"name":"Mulukukú","country":"NI","lat":13.17611,"lon":-84.95522},{"name":"Murra","country":"NI","lat":13.7585,"lon":-86.01843},{"name":"Muy Muy","country":"NI","lat":12.76224,"lon":-85.62915},{"name":"Nagarote","country":"NI","lat":12.26593,"lon":-86.56474},{"name":"Nandaime","country":"NI","lat":11.75696,"lon":-86.05286},{"name":"Nandasmo","country":"NI","lat":11.92411,"lon":-86.12072},{"name":"Nindirí","country":"NI","lat":12.00386,"lon":-86.12128},{"name":"Niquinohomo","country":"NI","lat":11.90518,"lon":-86.09446},{"name":"Nueva Guinea","country":"NI","lat":11.68758,"lon":-84.45616},{"name":"Ocotal","country":"NI","lat":13.63208,"lon":-86.47516},{"name":"Palacagüina","country":"NI","lat":13.45566,"lon":-86.40622},{"name":"Pearl Lagoon","country":"NI","lat":12.34294,"lon":-83.67123},{"name":"Posoltega","country":"NI","lat":12.54422,"lon":-86.97982},{"name":"Potosí","country":"NI","lat":11.49416,"lon":-85.8568},{"name":"Prinzapolka","country":"NI","lat":13.40708,"lon":-83.56452},{"name":"Pueblo Nuevo","country":"NI","lat":13.37984,"lon":-86.48075},{"name":"Puerto Cabezas","country":"NI","lat":14.03507,"lon":-83.38882},{"name":"Puerto Morazán","country":"NI","lat":12.85042,"lon":-87.17167},{"name":"Quezalguaque","country":"NI","lat":12.50683,"lon":-86.90292},{"name":"Quilalí","country":"NI","lat":13.56695,"lon":-86.026},{"name":"Rama","country":"NI","lat":12.15965,"lon":-84.21952},{"name":"Rancho Grande","country":"NI","lat":13.23695,"lon":-85.55817},{"name":"Río Blanco","country":"NI","lat":12.93435,"lon":-85.22354},{"name":"Rivas","country":"NI","lat":11.43716,"lon":-85.82632},{"name":"San Carlos","country":"NI","lat":11.1236,"lon":-84.77795},{"name":"San Dionisio","country":"NI","lat":12.76023,"lon":-85.85018},{"name":"San Fernando","country":"NI","lat":13.67755,"lon":-86.31486},{"name":"San Francisco del Norte","country":"NI","lat":13.19921,"lon":-86.77101},{"name":"San Francisco Libre","country":"NI","lat":12.50497,"lon":-86.29942},{"name":"San Isidro","country":"NI","lat":12.92957,"lon":-86.19521},{"name":"San Jorge","country":"NI","lat":11.45584,"lon":-85.80308},{"name":"San José de Bocay","country":"NI","lat":13.54204,"lon":-85.53942},{"name":"San José de Cusmapa","country":"NI","lat":13.28841,"lon":-86.65539},{"name":"San José de los Remates","country":"NI","lat":12.5975,"lon":-85.76174},{"name":"San Juan de Limay","country":"NI","lat":13.17603,"lon":-86.61234},{"name":"San Juan de Oriente","country":"NI","lat":11.90624,"lon":-86.07343},{"name":"San Juan de Río Coco","country":"NI","lat":13.54476,"lon":-86.16499},{"name":"San Juan del Sur","country":"NI","lat":11.25292,"lon":-85.87049},{"name":"San Lorenzo","country":"NI","lat":12.3783,"lon":-85.66646},{"name":"San Lucas","country":"NI","lat":13.4138,"lon":-86.6111},{"name":"San Marcos","country":"NI","lat":11.90949,"lon":-86.20351},{"name":"San Miguelito","country":"NI","lat":11.40255,"lon":-84.89991},{"name":"San Nicolás","country":"NI","lat":12.93236,"lon":-86.34805},{"name":"San Pedro de Lóvago","country":"NI","lat":12.12943,"lon":-85.11523},{"name":"San Pedro del Norte","country":"NI","lat":13.27611,"lon":-86.87782},{"name":"San Rafael del Norte","country":"NI","lat":13.21248,"lon":-86.11089},{"name":"San Rafael del Sur","country":"NI","lat":11.84854,"lon":-86.43839},{"name":"San Ramón","country":"NI","lat":12.92344,"lon":-85.83898},{"name":"San Sebastián de Yalí","country":"NI","lat":13.3054,"lon":-86.18641},{"name":"Santa Lucía","country":"NI","lat":12.53262,"lon":-85.71074},{"name":"Santa Maía de Pantasma","country":"NI","lat":13.34809,"lon":-85.94451},{"name":"Santa María","country":"NI","lat":13.74665,"lon":-86.70934},{"name":"Santa Rosa del Peñón","country":"NI","lat":12.80116,"lon":-86.36994},{"name":"Santa Teresa","country":"NI","lat":11.80299,"lon":-86.16312},{"name":"Santa Teresa","country":"NI","lat":11.74321,"lon":-86.21413},{"name":"Santo Domingo","country":"NI","lat":12.26438,"lon":-85.08235},{"name":"Santo Tomás","country":"NI","lat":12.06938,"lon":-85.09059},{"name":"Santo Tomás del Norte","country":"NI","lat":13.1861,"lon":-86.92267},{"name":"Sébaco","country":"NI","lat":12.85321,"lon":-86.0963},{"name":"Siuna","country":"NI","lat":13.73321,"lon":-84.77725},{"name":"Somotillo","country":"NI","lat":13.04387,"lon":-86.90506},{"name":"Somoto","country":"NI","lat":13.48082,"lon":-86.58208},{"name":"Telica","country":"NI","lat":12.522,"lon":-86.85938},{"name":"Telpaneca","country":"NI","lat":13.53151,"lon":-86.2871},{"name":"Terrabona","country":"NI","lat":12.73028,"lon":-85.96474},{"name":"Teustepe","country":"NI","lat":12.4203,"lon":-85.79798},{"name":"Ticuantepe","country":"NI","lat":12.02263,"lon":-86.20493},{"name":"Tipitapa","country":"NI","lat":12.19732,"lon":-86.09706},{"name":"Tisma","country":"NI","lat":12.08194,"lon":-86.01739},{"name":"Tola","country":"NI","lat":11.43927,"lon":-85.93891},{"name":"Tonalá","country":"NI","lat":12.7673,"lon":-87.13323},{"name":"Totogalpa","country":"NI","lat":13.56284,"lon":-86.49254},{"name":"Valle San Francisco","country":"NI","lat":12.51667,"lon":-86.28333},{"name":"Villa El Carmen","country":"NI","lat":11.98009,"lon":-86.50571},{"name":"Villa Sandino","country":"NI","lat":12.0483,"lon":-84.99362},{"name":"Villanueva","country":"NI","lat":12.96353,"lon":-86.81517},{"name":"Waslala","country":"NI","lat":13.23333,"lon":-85.38333},{"name":"Waslala","country":"NI","lat":13.33581,"lon":-85.37054},{"name":"Waspán","country":"NI","lat":14.74189,"lon":-83.9717},{"name":"Wiwilí","country":"NI","lat":13.62679,"lon":-85.8254},{"name":"Wiwilí de Jinotega","country":"NI","lat":13.61494,"lon":-85.81676},{"name":"Yalagüina","country":"NI","lat":13.48383,"lon":-86.49305}]