[{"name":"Alapi Village","country":"TV","lat":-8.52074,"lon":179.1968},{"name":"Asau Village","country":"TV","lat":-7.49026,"lon":178.68016},{"name":"Fakaifou Village","country":"TV","lat":-8.51758,"lon":179.20094},{"name":"Funafuti","country":"TV","lat":-8.52425,"lon":179.19417},{"name":"Kulia Village","country":"TV","lat":-6.10819,"lon":177.33393},{"name":"Savave Village","country":"TV","lat":-8.02731,"lon":178.31351},{"name":"Senala Village","country":"TV","lat":-8.5174,"lon":179.19829},{"name":"Tanrake Village","country":"TV","lat":-7.24562,"lon":177.14511},{"name":"Toga Village","country":"TV","lat":-6.28764,"lon":176.31472}]